node_id,demand,vehicle_type_hint
9451662767,41,truck
9451807637,19,truck
9446989930,23,scooter
9452292321,32,bike
9447239730,39,bike
9451630737,29,van
6430002732,48,truck
9451624892,40,ev bike
9464994749,12,bike
9454537976,47,bike
9457155153,42,bike
9455136494,25,ev bike
9462205960,6,ev van
9446866257,29,scooter
9446866265,39,scooter
9447223514,43,ev van
9462006606,42,ev bike
9455028342,44,van
9454571361,9,truck
9465022132,40,ev bike
9446925728,1,ev bike
9455028438,16,van
9455172754,16,truck
9447012633,38,ev bike
9454583147,29,van
9452292326,14,bike
9446866267,46,ev bike
9465240863,2,truck
9451712015,19,ev bike
9454656691,36,ev van
9455172775,1,ev bike
9454618003,25,scooter
9451868571,42,bike
9446893208,37,truck
9455172745,28,van
9454571351,37,ev van
9451712449,25,ev bike
9465035027,46,scooter
9446866271,23,scooter
9447068810,46,van
9446893201,36,scooter
9447092407,3,bike
9462150527,10,bike
9454656644,44,ev bike
9457155145,4,bike
9454571334,48,scooter
9465086751,44,ev bike
9457225243,10,ev van
9454766599,13,ev van
9447088688,24,van
9446936630,39,van
9462205968,4,ev bike
9465213993,40,van
9447158720,44,scooter
9455028394,20,ev bike
9454537953,14,bike
9454671408,44,ev van
9464994739,29,truck
9454571325,12,van
9451619230,21,ev van
9465679554,8,ev bike
9446683221,25,truck
9451619237,47,bike
9454789360,40,van
9465226736,19,scooter
9454534381,4,ev van
9457190514,36,scooter
9452319937,5,bike
9461998198,40,van
9452365334,23,scooter
9446820396,19,bike
6792643769,39,ev bike
9451680054,28,scooter
9454766594,19,scooter
9454789343,28,van
9454789366,7,ev bike
9446675271,48,ev van
9462026352,27,ev bike
9454713372,29,scooter
9454876413,32,scooter
2070709021,46,bike
9451698060,10,van
3743556427,20,scooter
9454571353,36,scooter
6430002729,21,truck
9446894091,10,scooter
9447139445,5,truck
9444469367,31,van
9465086750,39,scooter
9452292348,50,bike
9446681543,44,ev van
9447172514,6,van
9454571438,21,ev van
9454996051,10,van
9452351817,17,ev bike
9465113559,30,ev van
9462123661,13,truck
9455027707,40,ev van
9455028339,16,ev van
9451804453,43,scooter
9446811988,38,ev van
9464978600,43,van
9454608262,3,van
9446911413,17,bike
9447223528,33,scooter
9457200400,34,ev bike
9446675242,49,van
9465100159,12,scooter
9451804440,43,truck
9465260273,38,ev bike
9452173269,32,scooter
9452031809,14,truck
9447003930,38,ev van
9447118816,36,scooter
9447152689,16,ev bike
9465646026,23,ev bike
2070708918,32,truck
9454855614,21,scooter
9446961453,28,van
9455198375,38,bike
9461985907,11,van
5291677725,29,truck
9451680134,34,ev bike
9454571379,32,ev van
9465086723,45,ev bike
9465213991,18,van
9454889733,27,bike
9446995625,9,van
9465189598,4,van
9455028434,34,ev van
9446675257,10,van
9462026320,1,ev van
9461998117,50,ev bike
9462205988,37,scooter
12651769992,24,ev bike
9455028240,50,truck
3743556434,37,ev bike
9462006605,40,scooter
3743556419,11,truck
9455136493,16,scooter
9446911406,13,bike
2613601271,13,truck
9451624906,28,bike
9452351848,43,bike
9446675240,20,ev bike
3743556443,47,bike
9454618002,14,ev bike
5297588204,47,bike
9465044238,28,ev van
9465035673,5,scooter
9446893198,30,scooter
9451613687,29,truck
9446929258,13,scooter
9452173266,36,scooter
9446820402,5,truck
9455172776,36,scooter
9454752682,44,ev bike
9452351865,31,truck
9462206080,14,truck
9446973627,33,ev van
9447095840,40,ev bike
9465189575,26,van
9451630757,39,van
9452247561,8,ev van
9447188920,13,van
9446961347,46,van
9454748096,41,van
9451619228,36,scooter
9464947773,31,scooter
2070709680,49,ev bike
9464947775,31,scooter
9446811989,34,truck
9465093275,23,truck
9446917601,30,ev bike
9451845831,31,ev van
9454567019,30,ev van
9452280552,6,scooter
9447120351,50,truck
3743556461,7,ev bike
9446961493,6,truck
5291677813,14,bike
9465189539,46,ev bike
9454983790,34,ev van
9454996025,48,scooter
9446893204,39,van
9454778655,21,bike
9465260241,47,ev bike
9447152683,27,scooter
9457375312,33,truck
9447144830,35,ev van
9447088689,42,bike
9465050550,47,van
9446917596,8,truck
9451981933,16,bike
9465093310,14,bike
9447132919,39,ev van
9462204304,39,ev bike
9447095895,7,bike
9465679527,26,truck
9446893195,45,ev van
9446961494,23,scooter
9457189813,28,ev bike
9446899010,42,ev bike
9454778656,7,scooter
9451688746,34,scooter
9447095823,1,ev van
9465113540,28,van
9457375330,8,truck
9454725971,9,scooter
9452351886,48,scooter
9465050551,14,truck
3743556430,42,truck
9464994778,32,bike
9454789354,30,ev van
9465252980,32,ev bike
9452339513,37,ev van
2614507396,39,scooter
9465113535,47,bike
9454571418,26,ev van
9446681535,13,ev van
9446985299,29,scooter
9452043421,15,ev van
9447152688,21,ev van
9452031803,12,ev van
9446936683,28,truck
9447026581,29,ev van
9454571425,23,truck
9451630775,5,truck
9446893193,48,scooter
9452157223,44,ev van
9447109732,47,van
9452280581,7,bike
9451624870,48,scooter
4485698897,14,ev van
9465044254,42,ev bike
9464962454,49,scooter
9452280526,50,scooter
9454983803,36,scooter
9454608260,9,ev bike
9462006599,41,ev van
11204850751,38,van
9465100158,6,truck
9454789381,1,bike
9455027706,19,scooter
9465050544,47,van
9457375306,11,bike
9452266989,41,ev bike
9465814977,47,ev van
9447183940,45,ev bike
9455028431,30,ev van
9447012402,17,van
9465093281,22,bike
9446943843,48,scooter
9465100139,29,scooter
9462204254,27,scooter
9447050143,40,bike
9444361054,32,bike
9447183935,49,bike
9465177853,16,van
9454752657,21,scooter
9452293306,37,van
9455172740,39,ev van
9461998179,42,ev bike
9464962478,44,truck
9455028355,36,scooter
9446985309,26,bike
9446687316,26,scooter
9465022150,13,ev bike
9446866272,48,bike
9454766590,27,bike
9452157335,49,scooter
11140840195,6,truck
9446920723,34,van
9452351850,29,ev van
9462206008,22,bike
9446943840,33,ev bike
9462170718,34,bike
2070708899,9,ev bike
9457155172,26,van
9464999046,3,bike
9447042475,7,ev van
9464978609,29,bike
9447152649,20,van
9457191044,27,ev bike
5297628018,21,van
5291677807,45,ev van
9452319945,4,ev bike
2070709671,35,scooter
3743556454,35,van
9447095868,3,bike
9447120346,42,van
9446673965,16,scooter
9446681551,8,ev van
9446866268,32,ev van
9452320012,49,ev van
9465093277,50,bike
9454766616,6,truck
9451662721,48,ev van
9462205979,2,bike
5291677776,26,bike
9454859258,14,ev van
9451999785,17,ev bike
9454748073,23,scooter
9452031782,41,bike
9465214007,33,ev van
9455028346,45,truck
5287258856,13,scooter
9446961349,10,bike
9457200357,25,van
9451804421,21,bike
9462170696,12,ev bike
9465119349,19,ev bike
9454741633,37,bike
9451711938,28,scooter
11204850752,32,scooter
9454996007,19,van
9465253011,39,van
9323351896,36,ev van
9454752646,40,ev van
9455028219,26,ev bike
9447223448,8,ev bike
5291677810,16,ev bike
14114205872,48,scooter
9447183383,17,ev van
9462170637,11,van
9451857713,9,bike
9447025014,17,bike
9451868542,25,ev bike
9457061020,37,bike
5291677780,46,bike
9457092966,21,scooter
9447183370,42,scooter
9446652300,10,ev bike
9454672202,6,scooter
9451698057,45,truck
9447124997,48,ev van
9446894054,25,bike
9447109676,3,van
11252990521,44,ev van
9447042490,23,truck
9465024409,20,scooter
9444550675,47,ev bike
9455028476,28,ev van
9451868572,36,ev van
9447024995,48,ev van
9464987243,18,van
9444550636,29,van
9446929266,2,van
9451680087,39,ev bike
9454571342,35,bike
5291677805,27,van
9446893170,5,van
9465044241,35,ev bike
9447088129,23,scooter
9446673986,48,van
9447026588,31,ev bike
9446929275,19,scooter
9447212812,13,van
5287258858,14,van
9447148344,11,ev van
9465240963,20,truck
9462206076,33,van
9455028282,17,ev bike
9462204263,18,bike
9451981993,46,scooter
9447012663,30,truck
9454889743,42,van
9447139457,5,bike
9465035023,31,bike
9446929260,35,truck
9452293304,40,scooter
9465113552,36,ev van
9447183972,46,scooter
6792643758,40,truck
9465113534,17,scooter
9455028451,45,ev van
9446811985,46,scooter
9446866264,2,truck
9464987234,1,scooter
9447050147,13,ev van
9462130029,43,van
9446911395,25,ev bike
9454817349,24,van
9454617991,23,truck
3746862641,5,bike
9462150572,24,bike
9446936684,18,ev bike
9454983789,28,ev bike
9446961458,16,truck
9446683228,6,bike
9452157388,36,bike
9447095876,9,ev van
9454514911,3,bike
9454571319,28,truck
9452280652,7,bike
9465213964,38,truck
9465240951,23,ev bike
9446898995,44,van
6430002738,37,ev van
9454996019,45,ev bike
9457375316,37,truck
9446673976,8,scooter
9444510123,19,van
9462130042,29,truck
9447167190,10,bike
9452160905,14,truck
9452280602,1,bike
9446898991,29,ev van
9452173275,38,ev bike
9447088140,19,scooter
9455027679,25,van
9451804427,14,bike
9457191033,49,van
9464999064,32,ev bike
9451701099,7,ev van
9454817360,14,van
9465226737,10,van
9465022131,3,bike
9451969180,30,ev van
9462204285,34,van
3743556482,37,truck
9455028493,27,scooter
9447109736,28,bike
9455027684,40,scooter
9454637338,6,truck
9446968595,1,bike
9465035060,16,ev van
9464962465,5,bike
9452292330,31,truck
9457173408,39,bike
9415394254,3,truck
9444361051,29,truck
9465113524,14,scooter
9465113527,41,scooter
3746862648,19,ev van
2613601360,9,truck
9462061099,33,bike
9454656647,18,scooter
9447158717,34,truck
9462074839,5,van
9465044239,24,ev bike
9454859257,3,truck
9465252992,9,truck
9446936642,29,ev van
9447118805,29,ev bike
9465199240,25,scooter
9452319946,50,ev bike
9455028278,1,bike
9454778642,20,scooter
9452043427,23,bike
9451698063,22,scooter
9465177845,16,ev van
9454778657,14,ev bike
9447025012,15,bike
7127613425,24,ev van
9455028401,26,ev van
9447109710,4,scooter
9465253012,17,van
9446893180,41,van
9447124995,46,bike
9446675262,10,bike
9457375234,24,scooter
9451624881,45,ev bike
9446949185,48,scooter
9465260248,13,ev bike
9465035716,37,van
9451982019,15,bike
9026642273,40,van
9447109727,25,van
9451698097,31,ev bike
9452293305,23,truck
9447092401,41,scooter
9454778626,4,bike
14114205871,34,bike
9447024997,38,ev van
9454571362,44,van
9457375338,39,bike
9465086724,28,scooter
9465044225,38,ev van
9446968596,10,bike
9465093296,42,bike
9465093240,3,bike
9454571422,36,van
9457189815,11,van
9462061079,36,bike
9454766595,23,ev van
9464999058,36,van
9465642801,9,ev bike
9465189541,39,bike
13461941245,18,bike
9454489152,38,van
9462074865,41,ev bike
9447095820,48,van
9451690696,45,truck
9465260246,41,ev van
9446687720,15,bike
9462006589,15,van
9446673872,15,truck
9452012744,9,ev bike
3743556475,44,scooter
9447212815,24,bike
9444550677,16,ev bike
3743556464,42,bike
9444510128,14,ev van
9447026567,24,ev van
9462130054,24,truck
9451630749,13,ev bike
9454789378,30,van
9447068804,4,ev bike
9462150552,43,van
9447068787,34,truck
9452043442,22,truck
9446985291,1,ev bike
9465093260,3,ev bike
9462006566,40,ev bike
9446894083,50,van
9446898994,43,bike
9457189795,20,bike
9464994745,18,scooter
9446820382,30,truck
9457375233,31,van
9465035072,30,ev bike
9447109665,39,ev bike
9447088167,46,scooter
9451868557,32,truck
9451868581,21,van
9447163640,28,ev van
9451981951,20,bike
9447118813,36,ev van
9462061068,2,scooter
9457375320,42,van
9454571354,32,scooter
9454617990,44,bike
9451999810,4,bike
9457180582,24,ev van
9451802267,39,van
9447282504,28,truck
9465252988,12,bike
9447163631,2,truck
9461985900,32,ev bike
9465086741,15,scooter
9454817371,20,ev van
9446893200,38,scooter
9451662771,46,scooter
9444469353,35,scooter
9452157404,24,ev van
3746862645,29,ev bike
9454889736,36,scooter
5291677800,19,bike
9455028338,34,ev bike
9444510129,13,van
9454789330,7,scooter
9462074844,32,scooter
9452351836,23,scooter
9446982698,14,ev van
9447025004,46,bike
9462006600,18,scooter
9462061050,19,scooter
9447024994,44,scooter
9447223513,33,scooter
12543365670,24,scooter
9465022143,40,bike
9462144982,20,bike
9446898993,6,scooter
9465093249,48,ev van
5291677792,15,scooter
9462170725,21,truck
9454537970,41,truck
9447003115,45,ev bike
9444469363,41,ev van
9457155139,27,bike
9451630726,27,van
9454789331,31,scooter
3743556471,17,scooter
9446675266,34,ev bike
9454656623,40,bike
9462231922,14,ev van
9454995947,32,ev van
9447120337,30,ev van
9444550679,27,ev van
9464973586,36,truck
9462205959,3,ev bike
9465035053,11,scooter
9451662764,35,truck
5297588206,27,scooter
9455198367,45,ev van
9451712450,3,van
9451712435,31,van
9454874635,26,bike
9454571330,30,bike
9446911414,38,ev van
9462006604,25,van
9462170734,40,scooter
9455028270,41,ev bike
9447183942,46,ev bike
9455198327,5,ev bike
9465093312,21,truck
9454548285,28,ev van
9451698055,39,scooter
9457189799,19,van
9465213998,20,ev van
9455028386,2,ev bike
9455028260,41,bike
9444510124,23,van
9447003113,12,scooter
9455027673,30,ev bike
9446687304,29,van
9465086742,9,ev van
9454571430,27,bike
9457375265,36,scooter
9451640006,11,bike
9465035066,9,ev van
9447092402,18,van
9454562412,22,van
9446893210,5,bike
9451662723,25,ev van
9454889537,50,truck
9447125104,42,ev van
9465646025,49,ev van
9454571383,28,van
9464994755,22,van
9462006597,43,bike
9454571412,11,scooter
9444571118,22,bike
9451680105,25,scooter
9454608276,16,scooter
9446687315,37,scooter
6619195082,40,scooter
9465702321,27,bike
9465113537,19,scooter
9465100161,42,ev bike
9454571358,1,scooter
9454752630,25,scooter
3437297233,48,scooter
9465119392,29,truck
9457173410,19,ev bike
9446961482,36,ev bike
9444361040,10,truck
9454571320,3,ev van
9447024996,23,ev van
9464962467,43,truck
9464987218,28,ev bike
9465093235,19,truck
9451619220,29,ev bike
9447156694,3,ev bike
9465199273,48,bike
3743556429,43,bike
9447003929,14,scooter
9462170636,40,bike
9454725954,13,ev bike
9451624893,35,scooter
9447042494,38,ev bike
9447000139,22,van
9465646027,6,bike
9465050533,29,van
9457204918,31,bike
9454571429,21,scooter
9447139433,11,ev van
9451807617,4,truck
9465177846,29,van
9465240965,15,truck
9446673887,37,ev van
9447050134,30,van
9462348671,9,truck
9454876416,29,ev van
9454489153,37,bike
9455027661,32,scooter
9447050154,45,ev bike
9446985287,33,ev bike
9465010042,3,ev van
9457155171,6,scooter
9465093263,47,ev bike
9446893205,15,ev bike
9446929265,31,ev bike
3743556438,43,bike
9454741627,34,ev van
9447003928,44,bike
9446936654,43,ev van
9461998221,28,ev bike
9451999798,10,ev bike
9452134236,50,bike
9447144828,39,truck
9452247532,40,scooter
9451624916,4,scooter
9454489178,10,van
9447000168,40,van
9464999087,11,ev van
9452157374,44,ev bike
9452292323,41,van
9446917581,3,van
9465022135,42,ev van
9452247523,10,ev bike
9464999042,28,ev van
9465679528,13,scooter
9446893203,4,scooter
9452157304,24,ev bike
9452247541,48,ev van
9454789353,19,bike
5291677803,27,scooter
3599447611,36,ev bike
9446989931,7,ev bike
9446936687,4,ev bike
9465093261,42,scooter
2613601325,15,truck
9455028337,48,scooter
9447088715,31,ev bike
9447092408,41,bike
2613601311,47,ev van
9451619232,13,scooter
9451698090,35,truck
9457200377,12,truck
9451527208,32,ev van
9447000171,35,ev bike
9451710221,14,ev bike
9465035064,17,truck
9454608272,30,van
2070708858,46,scooter
9465213965,42,van
9455198353,40,truck
9465253009,19,ev van
9447088128,50,truck
9455028475,49,ev van
9446811978,37,bike
9452012746,36,bike
9465213966,33,ev van
9454537956,23,bike
9462006601,36,van
9454671403,38,van
9451680065,47,truck
9465035070,48,truck
9464999107,9,truck
9462170716,1,scooter
9444492620,45,van
9451624910,9,ev bike
9446982707,49,ev van
9447118808,23,van
9447163624,46,ev bike
9451868554,44,bike
9455198322,14,bike
9446687308,2,bike
9465103007,24,scooter
9462170634,42,ev van
9455172812,30,ev bike
9447124996,47,truck
9451680086,4,ev bike
9447212814,35,scooter
9455062871,21,bike
9452247548,24,van
9447012407,28,ev van
11428595420,6,ev van
9451619229,30,van
14017626641,21,bike
9464987225,4,truck
9465226720,14,ev bike
9451630777,12,van
9447163630,20,truck
9454538014,39,truck
9455148394,44,ev bike
9446949203,27,ev bike
9462170618,25,scooter
9452157405,47,ev bike
9462074856,17,bike
9447167177,14,scooter
9465086728,50,truck
9454876348,35,ev van
9464994741,15,ev van
9454817379,2,ev bike
9455136502,27,ev van
9452173290,17,truck
4485698889,24,bike
9454537973,5,bike
9454859255,19,bike
9446995626,48,truck
9446866263,40,scooter
9454608292,4,ev bike
9454571387,5,scooter
9454637327,40,truck
9446925727,3,bike
9455062903,28,van
9446687299,34,truck
9457225239,22,bike
9462074831,24,truck
9446675243,48,van
9447158719,31,ev bike
9455028239,37,ev van
9465240824,22,van
9454637326,49,truck
9455027687,30,ev bike
9464987231,2,ev bike
9026642365,3,ev van
9452351867,26,ev bike
9452157398,11,ev van
9446894051,2,truck
9452043439,43,truck
9447239737,41,van
3743556448,46,bike
9454571326,30,ev bike
9455028354,25,scooter
9447000140,5,bike
9446652293,3,van
9447118803,25,ev bike
9446673977,40,truck
9447167157,35,ev bike
9455028297,37,scooter
9447167158,30,ev van
9446893153,7,scooter
9446911396,10,van
9465214004,44,bike
9451680078,15,bike
9465213973,6,scooter
9465035045,2,scooter
9465260234,46,scooter
9447012388,9,scooter
9455028253,27,van
9455028435,45,ev bike
9451804458,14,van
9446687300,19,scooter
9465113521,43,ev van
14017626632,50,van
9454778658,18,scooter
9446673883,47,truck
9451790874,41,bike
9452351855,40,truck
9454817375,11,van
9452043418,44,bike
1471100885,6,truck
9446989935,2,van
9447003114,6,ev van
9454571421,19,scooter
9451790876,50,ev van
9447212813,28,ev van
9454576404,40,ev van
9452247544,26,van
9452376086,45,van
9462204292,8,ev bike
9454489154,33,bike
9452043434,35,bike
9447183369,34,scooter
9451999793,47,bike
9452351858,41,scooter
9455028218,16,scooter
9447024998,49,ev van
9451680104,35,ev bike
9452173294,44,bike
9454789335,5,truck
9454778620,17,scooter
9026642276,14,ev van
9446985295,11,bike
9447183070,10,bike
12471800604,37,truck
9446675247,36,scooter
2613601368,27,bike
9455028458,2,van
9451712440,2,bike
9454637328,43,truck
9452267001,27,van
9451680129,12,scooter
9454571427,17,ev van
9446687301,34,ev bike
9447118815,15,truck
9451697921,47,bike
9454567023,5,scooter
9452043424,22,bike
9447003925,29,scooter
9465035700,32,ev van
9462206017,48,ev bike
9464999101,6,scooter
9451868556,26,ev van
9455028410,17,bike
9454789359,15,bike
9454736660,41,van
9457155159,31,ev bike
6430002716,31,truck
9447095875,2,ev van
5291677812,41,ev van
3743556450,32,van
9465035054,39,van
9454995931,16,truck
9462074858,42,van
9446687309,40,truck
9447012661,1,truck
9447172507,44,scooter
5287221858,36,ev van
9446687297,39,ev bike
1068901790,26,scooter
9451868558,45,bike
9465213972,9,bike
9452012722,13,bike
9446675251,7,truck
9447109716,31,bike
9447003098,27,van
9446820385,39,bike
9454637331,7,ev van
9464983325,9,scooter
9465113551,46,ev van
9451677967,15,scooter
5297588191,34,truck
9446893188,27,scooter
9446920718,45,ev van
5297589430,9,van
9451662750,47,ev van
9452292342,30,van
5297589433,23,scooter
9447156711,33,ev bike
9451804451,40,ev van
9462170721,47,ev van
9457180568,50,van
9447109686,20,ev van
9451690580,27,ev bike
9452012735,11,ev van
9454637329,47,truck
9465010021,36,ev bike
9451710239,2,bike
9446917611,19,truck
9454514892,4,ev van
9457199369,1,truck
9447025009,37,ev van
9465086756,29,ev van
9447223497,12,van
9454576364,5,ev bike
9447068794,21,ev bike
9457180592,36,truck
9455027668,45,truck
9465213969,42,ev van
4206976977,28,ev van
9455028465,42,ev bike
9452319980,5,ev bike
9446673964,32,ev bike
9465035186,17,truck
9465260220,47,ev van
9462006603,30,truck
9465159162,29,bike
9455027714,42,bike
9447139462,9,ev bike
9452043425,14,scooter
9451662727,37,truck
9465093276,30,truck
9455028429,48,ev bike
9447042474,15,ev van
9446811986,10,scooter
9465119351,17,ev van
9462145000,45,ev bike
9446961456,16,truck
9465113542,24,scooter
9455028238,14,bike
9446675248,35,scooter
9454671387,31,ev bike
6430512014,20,scooter
9451804447,20,scooter
9447158732,41,ev van
9457191034,41,truck
4206978994,40,scooter
9446673966,49,bike
9464999057,37,scooter
9446982685,42,bike
9454713387,34,scooter
9455028296,48,van
9454874622,3,scooter
9464973611,29,van
9446673879,36,scooter
9464947767,38,ev van
9444550671,43,van
9446811975,48,van
9455027691,27,ev van
9454889777,42,van
9455172811,40,truck
9446985306,14,truck
9451690603,27,truck
9455028266,30,bike
9447000167,31,truck
9454608277,31,ev bike
9455028414,45,bike
9451698084,45,ev van
9446673969,40,truck
9452012723,23,scooter
9457187135,50,van
9446675244,37,bike
9454571317,23,ev van
9454889554,8,ev bike
9454741618,40,truck
9446893182,10,ev bike
9465159164,19,van
9465159160,6,van
9455172762,43,bike
5291677799,7,bike
3743556421,17,van
9465086720,19,truck
9447120372,9,ev bike
9447144829,28,scooter
9455027686,8,bike
9464947802,25,truck
9447050140,46,ev van
9454571331,45,ev bike
9452043468,9,ev bike
9465086738,39,ev bike
9444361048,39,ev van
9465113531,25,ev van
9465035709,44,ev bike
9454562411,8,ev bike
9452043420,42,ev bike
9454874623,7,ev van
9454736691,50,bike
9454889541,19,truck
9454778650,25,van
9462231923,20,ev van
9447118811,28,bike
9452247540,24,scooter
9446816867,13,scooter
9454514888,21,ev van
9455028329,40,ev bike
9454571437,9,bike
9454583139,16,scooter
9446675241,46,van
9446985289,33,van
9465199266,46,ev bike
9447068768,15,truck
3743556468,26,ev van
9454889534,27,ev bike
9454571324,14,ev bike
9447132918,6,bike
9447050126,33,ev van
9464983323,46,van
9465093289,38,truck
9454571431,41,truck
9446936686,34,bike
9447003097,15,van
5297589434,45,truck
9465050535,44,scooter
9451969210,42,bike
9447158731,14,truck
9451868533,12,ev bike
9457375348,37,bike
9451868590,46,bike
9454789398,49,bike
9446989917,47,scooter
9452012721,30,scooter
5291677779,12,bike
9462144989,2,truck
9455028502,6,ev van
9447042513,35,scooter
9451790909,18,bike
9452319932,25,scooter
9465093309,6,ev van
2070708792,20,van
9455198356,5,bike
5291677793,47,bike
9447125103,37,ev bike
9447152647,27,van
9452157385,22,ev van
9457204111,32,ev bike
9446893209,23,bike
9465679568,16,bike
9454889557,38,ev bike
9447156704,5,ev van
9457180608,9,scooter
9446675260,15,truck
9446961369,31,truck
9454766593,30,bike
9464987236,36,scooter
9446675250,18,ev bike
9446673970,38,scooter
9447025013,50,van
9446675252,32,truck
9461998204,39,scooter
9447055219,15,bike
9454889793,1,ev van
9447152684,49,scooter
9454725931,42,ev van
9462123649,45,ev bike
9464983317,28,van
9465085811,12,bike
9447183384,20,van
1361111462,26,scooter
9447139443,39,van
9447109675,49,truck
9446929282,16,bike
9465679563,25,ev van
9446866266,37,scooter
9451804464,36,van
9457207173,16,ev van
9451711960,27,scooter
9451802262,3,ev van
9451999772,3,truck
9446820384,3,ev van
9454576395,39,bike
9461998219,48,ev van
9454778622,35,scooter
9446961373,6,bike
9323353713,2,ev van
9465035025,25,bike
1068901811,1,van
9457092965,6,bike
9446675267,25,ev bike
9446893190,1,scooter
12213449018,29,ev bike
3746862636,29,van
9464994750,3,ev bike
9465702317,4,ev bike
4206978996,19,van
9455028463,35,truck
9465226739,36,truck
9465022119,30,scooter
9462145008,20,van
3746862667,24,ev van
9462170635,27,van
9451698054,11,ev bike
9455028509,13,van
9465159163,8,truck
9465814976,44,ev bike
9465199261,8,truck
9454576380,7,scooter
9447012665,8,ev van
9454537986,42,scooter
9452351896,2,truck
9446982835,11,ev bike
9451969203,15,ev bike
9447144827,21,van
9454571359,8,ev van
9451807628,43,truck
9454672131,29,scooter
8777556149,50,scooter
9454817365,28,scooter
9457061037,39,scooter
9447095873,19,ev bike
9464947763,21,ev bike
9452157428,48,van
9457375305,27,ev bike
9465050519,33,ev van
9465093234,21,bike
9446673873,14,ev van
3743556432,1,ev bike
9454571440,42,bike
9451662746,24,bike
9446820403,33,van
9446982708,34,scooter
9454778660,6,truck
9454789344,5,truck
9446929238,30,scooter
9454817382,46,van
9457189793,33,ev bike
12543365692,11,truck
9465100150,28,ev bike
9452043431,9,truck
9455198344,15,scooter
6430512017,19,ev van
9447050120,40,bike
9446936678,3,ev van
9451845826,46,scooter
9455172785,33,truck
9446820377,26,ev bike
9454571327,35,ev van
9465085810,41,ev bike
9464977502,20,bike
9446820395,30,scooter
6430002736,20,bike
9451624895,1,scooter
9446982834,33,ev bike
9446936638,11,ev bike
9454874650,3,ev bike
9446893192,32,van
9451662726,25,bike
6619195075,22,bike
9446917614,15,bike
9465260252,49,ev bike
9447095835,45,scooter
9465113522,37,scooter
9462205961,4,van
9451802261,15,scooter
3743556447,49,ev bike
9462074836,48,truck
9457189800,10,scooter
2070708733,43,ev bike
9452376105,18,van
9452280561,8,bike
9454766572,6,bike
9465086727,25,scooter
9454752717,3,van
9447183387,39,scooter
9465119363,18,truck
9447139467,46,truck
9451680079,36,truck
9464959303,34,ev bike
9457375236,48,truck
9447144819,39,scooter
9465252987,1,ev bike
9464947760,42,ev van
9457061030,7,van
9455198332,21,ev van
9454571424,39,ev van
9465044244,50,bike
9446898985,11,scooter
9454736677,39,van
3743556440,8,ev van
9465260261,34,scooter
9451624915,6,ev bike
9447152675,22,van
9452280603,20,truck
9457187153,47,bike
9465086730,29,truck
9446820381,39,bike
9454969526,32,truck
9465213983,6,ev van
9447042457,28,scooter
9462123707,21,truck
9447025005,15,ev bike
9464999056,24,truck
9446675249,46,bike
6619196286,10,ev bike
9454538015,21,scooter
9457189790,40,ev van
12543365676,17,truck
9457375292,35,ev van
9447139472,50,scooter
9465103011,14,bike
9455028279,35,ev bike
9454996020,22,bike
9454789350,34,scooter
6430002714,44,ev bike
9457187126,14,bike
9446917586,24,bike
9447156693,11,bike
9465035026,4,scooter
9446673882,10,van
9447183977,37,ev van
9452043417,39,truck
9455028229,16,van
9446968603,6,ev bike
9447188924,28,truck
9446982819,37,van
9465214003,13,ev bike
14017626636,37,bike
9454859259,43,ev van
9447012667,3,bike
9454537983,39,bike
9447120371,1,truck
9446893212,48,van
9462123693,29,scooter
9454534384,35,ev bike
9457207171,24,scooter
9465050547,23,ev van
9454568715,42,van
9465050543,16,truck
9446673998,49,bike
9446982832,49,ev bike
9451999784,16,van
9454618004,30,truck
9455198331,34,van
9462144981,22,truck
9446893187,42,scooter
9446949179,18,ev van
9451624909,26,ev bike
9464987244,13,truck
9464973582,4,van
9451999789,8,bike
5287258853,18,bike
9454656617,24,scooter
9457173411,50,ev bike
9455027693,16,scooter
9465044273,17,van
9454859278,49,scooter
9462206052,40,ev bike
9446961457,30,truck
9454876387,12,ev bike
9452043459,30,bike
9465085806,36,ev bike
9446968602,22,van
9446687310,10,bike
3743556459,40,van
9455028396,21,scooter
9465240907,46,scooter
9451711991,30,bike
9452043467,33,van
9452043430,20,scooter
9454586741,17,van
9447026547,19,ev van
9465260270,48,bike
9446687306,26,bike
9452280582,39,truck
9462026331,48,bike
9455172763,23,ev van
9451701076,32,bike
9454576389,20,bike
9454752716,36,truck
9465213971,33,scooter
9465252989,5,van
9465050532,34,bike
9446894057,32,ev van
9447152692,16,ev bike
9451804439,42,bike
9452012747,7,ev bike
9454672234,30,scooter
2070709228,22,ev van
9447183390,43,van
9465113539,28,van
9447183951,34,scooter
9454586734,31,bike
9454778637,18,bike
9464947781,25,truck
2070709420,12,scooter
9454571432,13,truck
5291677806,28,bike
9447050127,11,ev van
9465044246,32,scooter
9465086733,31,ev bike
9454736690,38,ev van
9447003095,10,bike
9455172808,20,ev bike
9452043422,20,ev van
9446982696,46,ev van
9455028360,32,truck
9452376099,43,ev bike
9447144831,9,ev bike
9465113528,36,bike
9447088675,48,ev bike
5291677794,22,ev bike
9462197198,39,ev van
9454489193,9,ev van
9461998222,10,van
3743556393,37,van
9447120355,9,ev bike
9455028419,11,ev bike
9465252982,1,ev van
9451624880,29,truck
9464959314,15,van
9454752703,31,van
9452351856,15,van
9451630774,11,ev van
2613601372,34,truck
9455028433,19,scooter
9446929252,39,truck
9447068774,7,scooter
9454789336,24,ev bike
9454876360,23,ev van
9462123697,23,bike
9465044243,11,bike
14017626644,41,scooter
9452012719,39,ev bike
9462206048,8,ev bike
13461941236,33,ev van
9447088166,30,ev van
9465177844,37,ev van
9454571370,21,truck
9465086717,49,ev bike
9451662740,15,ev bike
9454571318,31,scooter
9452157299,48,van
9455028383,40,truck
9454567024,8,scooter
9452376106,47,ev van
9454537971,24,ev van
9454537972,8,bike
9465085809,18,scooter
9451711964,8,van
9447183368,17,ev van
9454514910,50,truck
9446855869,46,ev bike
9446982711,44,van
9447167175,36,truck
9447026577,8,ev van
9446893194,44,scooter
9446673987,39,van
5291677768,41,truck
9454889788,16,scooter
9455028312,13,scooter
9451711969,17,truck
1068901557,11,van
9446982692,33,truck
9457375416,20,van
9446687296,38,ev bike
9452293289,13,bike
9447156710,17,ev bike
9446652292,3,bike
9446820373,28,bike
14017626640,34,van
9446652301,7,scooter
9447025015,1,truck
9465702322,36,ev van
9444510121,36,van
9455028332,10,van
9446911402,1,truck
9454537984,30,van
9454571321,46,scooter
9454671416,31,ev bike
9454537967,38,truck
11135832313,31,ev bike
9454752667,45,bike
9465213967,33,ev bike
9444510127,30,bike
9446866270,49,ev bike
9446961351,32,ev van
9451803715,9,ev van
9447050128,49,van
9446675258,2,van
9447144832,49,truck
9451698078,41,bike
9465260243,46,ev van
1361113762,30,bike
9455027703,2,truck
9447042478,50,bike
9465035206,47,scooter
9447183947,24,truck
9454713407,26,ev bike
9464987224,36,van
9462170658,11,scooter
9446811983,18,ev van
9454789395,33,bike
5297588210,9,van
9447183971,11,truck
9455198368,11,ev bike
9451804417,20,ev van
9454571403,47,scooter
9455027658,48,ev bike
9451698049,7,bike
5297628015,42,scooter
9446995627,8,scooter
9452351835,40,bike
9451712438,25,ev van
9454969608,37,truck
9465093315,6,truck
9446995622,42,bike
9457204919,16,ev bike
9447212792,41,truck
9447158734,46,bike
9446811993,16,scooter
9454752663,38,van
9465177856,46,ev van
9446982841,33,truck
9447042489,9,van
9447118772,20,ev bike
9447025006,50,ev van
9464987246,28,van
5287258864,19,ev van
9447000163,1,bike
9446683235,45,van
9455027664,11,van
9461985912,17,ev van
9451680162,41,ev bike
9465252991,39,scooter
9465086732,27,scooter
9447035893,22,ev bike
9451619239,15,bike
9454725968,4,ev van
9454672126,36,ev van
9462206077,13,ev van
9465113526,41,van
9464978610,22,ev bike
9451688808,24,van
9446911388,29,scooter
9451868523,12,van
9454766613,44,bike
11428595421,3,ev van
9462026334,12,van
9451680117,36,bike
9454789367,4,truck
9446687295,16,ev bike
9462170711,5,bike
13691991404,18,truck
9464977514,29,scooter
9454637339,21,van
9465695815,38,van
9464978613,17,ev bike
9447109726,21,truck
9451630756,29,truck
9446673878,5,scooter
9457200361,43,scooter
9447132814,3,truck
3743556472,30,ev van
9455136491,23,van
9455028405,17,scooter
3746862639,38,ev bike
9454672190,9,van
13691991417,15,bike
9455027671,50,van
9454770415,25,bike
9457199371,43,bike
9454778638,7,van
9457204091,19,ev bike
9462006611,42,ev bike
9462204275,50,scooter
9455027716,43,ev van
9447035895,43,truck
3743556433,41,truck
9457225247,6,bike
9464999040,10,scooter
9465240958,40,scooter
9446917122,19,truck
9457189784,25,van
9454874666,49,truck
11252990520,21,van
9451712000,17,ev bike
9462205978,21,scooter
9455172813,30,ev van
9457187166,24,bike
9454889553,28,ev bike
9446866261,45,truck
9447068795,17,ev bike
9454889814,37,truck
9457155182,26,van
9454725926,16,bike
3743556465,31,van
9452157355,3,ev bike
9462130026,2,van
9447050141,11,bike
9447109636,33,bike
9465113538,50,ev bike
9455028395,46,bike
9465252981,4,van
9454889551,47,van
9454817372,12,ev bike
5291677775,43,truck
9454571411,42,bike
9454889555,48,bike
9454889800,27,ev van
9457204101,43,ev van
9447025011,36,truck
9447109728,40,ev bike
9452280662,16,truck
9457375284,13,ev van
9454889744,28,scooter
9462205995,1,ev bike
9447026569,13,bike
9454725918,4,truck
9465044268,37,van
9447156701,1,bike
9452351849,14,ev bike
9447152666,48,ev bike
9446894061,3,truck
9455027675,31,truck
9461985899,24,scooter
9454571405,8,bike
5291677804,44,ev van
9447042501,20,scooter
9455148403,46,van
9452043447,36,ev van
2070708867,23,bike
9454752697,11,bike
9455028442,5,truck
9454817383,11,van
9447212811,5,scooter
9451712439,25,scooter
9451619240,22,scooter
9457172716,19,van
9454586746,36,scooter
9462074835,20,van
9452280592,4,ev van
2070709616,23,truck
9455198351,30,scooter
9465100140,44,truck
9465035048,26,truck
9455198352,8,scooter
9454586766,24,van
9446989925,40,ev van
9451698082,49,truck
2070708888,23,van
9446893206,18,bike
9465044247,28,bike
9455172736,41,ev van
9446920717,11,truck
9451999775,40,ev bike
9452043433,16,scooter
9462074820,17,ev bike
9452280606,14,truck
9452043436,39,ev bike
9444368284,16,bike
9446961372,48,truck
9446936641,47,truck
9457187174,5,truck
9451868567,44,ev bike
9451701083,45,truck
9447042477,42,ev bike
9447050125,10,truck
9465044255,1,bike
3599447609,12,bike
9447000170,21,scooter
9451714153,20,bike
9457180588,38,ev bike
9446982836,7,bike
9452043435,44,ev bike
9452280666,20,van
9465035057,30,truck
9465035071,36,van
9454671388,33,van
9447163629,7,bike
9465119362,18,ev bike
9451981978,25,truck
9447152665,29,truck
9452031784,47,ev bike
9462144995,40,van
9465240862,11,bike
9620155364,50,van
9462123699,29,van
9465113536,33,van
9451701091,41,bike
9462123657,19,truck
9447026587,39,bike
9465044221,26,bike
9447282503,10,ev van
9447050144,45,van
9454571385,4,van
9465113517,1,ev van
9454876414,9,scooter
9446929279,40,truck
3743556445,45,bike
9465050518,43,truck
9452043440,21,scooter
9464959312,43,ev bike
9447156692,32,scooter
9452293303,36,bike
9465113529,45,van
9451680159,18,bike
5291677777,39,bike
9447088170,23,van
9446681613,36,van
1068901771,35,bike
9447167156,3,bike
9455172807,14,truck
9447050121,42,van
9447152686,2,ev van
9446911392,7,van
5297588209,27,scooter
5291677801,10,ev bike
9454996064,19,ev van
9446894055,46,bike
9446917612,41,scooter
9457092944,50,ev van
9451701096,23,van
9452043449,34,scooter
9457199400,25,truck
9451688774,12,ev van
9465214014,37,ev van
9452365343,9,scooter
9455027697,21,van
9455148413,46,ev van
9454672130,1,bike
9454672169,18,bike
9451639986,19,truck
9455027665,28,ev bike
9455028267,22,ev bike
9462026325,18,ev van
9457216226,33,van
9457375423,12,truck
9446681606,30,ev bike
9446893207,18,truck
9465044263,45,van
9454789349,10,ev van
9447118806,42,truck
9462074853,41,van
9455028274,35,truck
9452319947,29,scooter
9451804441,33,bike
9454562416,2,ev bike
9454995921,22,ev van
3743556452,9,ev van
9452293302,17,scooter
11428595416,42,bike
9454537977,3,truck
9447088176,50,bike
9462170667,49,truck
2614487336,37,scooter
9462061095,27,scooter
9452043419,32,truck
9465022124,19,ev bike
9455148375,28,truck
9451981940,46,scooter
3746862661,15,ev van
9465177852,32,scooter
9447183973,41,van
9446929239,43,van
9465035058,2,van
9447223506,46,ev van
9451804435,1,truck
9452292327,30,van
9446982833,42,truck
9447088141,15,ev van
1471040640,11,van
9451624871,5,ev van
9452376104,25,scooter
12543365667,1,ev bike
9446673968,23,ev van
9465035715,17,ev van
9446893191,6,van
9452157318,46,bike
9454766598,10,truck
9447012662,30,ev bike
2070708927,50,scooter
9452157413,8,scooter
9447042479,40,truck
9447167189,44,ev van
9457375341,25,ev bike
8777556156,47,bike
9447188918,47,truck
9451711968,28,truck
9446681585,38,ev bike
9446961480,31,van
9452280607,28,van
9451662741,43,truck
9462006598,48,scooter
9446687298,42,scooter
9454725939,24,van
5291677770,36,bike
9465253006,20,scooter
9462164981,25,scooter
9451680158,23,van
9447120353,6,scooter
9447183371,4,bike
9451630776,38,scooter
9462206033,42,scooter
5291677790,20,ev van
9447012652,1,scooter
9455198354,15,ev van
9447212816,12,ev van
9462006612,28,van
9465035051,32,ev van
5291677816,37,bike
9465044262,3,truck
9454571338,28,scooter
9465189611,31,bike
9451804446,10,ev bike
2070708843,28,ev bike
9465177857,40,scooter
9457216225,37,bike
9455027662,34,van
9457375415,9,ev van
9447139446,44,truck
9465086729,15,ev bike
9447163628,47,bike
9465213990,31,ev van
9454571408,15,scooter
9446687303,46,ev bike
9464973604,5,van
12543365673,46,ev bike
9454874651,14,van
9446820394,31,ev bike
9455172738,14,bike
9464973610,25,scooter
9457173412,37,bike
9444510120,35,ev van
9455027690,35,van
9447161613,50,ev bike
9454752662,10,truck
9465010025,9,ev van
9446675261,23,van
9454514896,25,van
9465642804,40,scooter
9455028308,49,truck
9452157347,8,ev van
9447183379,35,truck
9454489179,12,van
9447012627,49,scooter
9447158735,36,van
9446811992,27,scooter
9446961511,17,truck
9447288154,23,truck
9447118770,18,bike
9447183948,31,ev bike
9465159161,4,ev van
9454996024,18,bike
9454713395,11,bike
9465010049,3,bike
9457200368,33,scooter
9457216219,2,scooter
9447109719,20,bike
9452351859,14,van
9447088202,6,van
9454789377,19,truck
9452043480,32,van
9455028288,41,van
9465226751,5,ev bike
9451624905,44,ev bike
9461998207,42,ev van
9447223527,32,scooter
9452293297,5,van
9457225260,31,van
9464959305,26,ev van
9465022142,38,van
4485698909,50,bike
9447144824,11,van
9462205994,20,van
9452157448,47,van
9447223499,29,ev van
9446687717,3,ev bike
9447223435,38,truck
9454537979,9,ev van
9447025000,48,scooter
9447118796,9,ev van
9454874668,43,ev bike
9455028277,35,ev van
9455027688,18,ev van
9447183964,30,scooter
9451868569,43,ev van
9464994757,3,truck
9455027674,2,bike
5291676786,13,bike
8777556171,26,truck
9462206047,16,van
9446811980,7,scooter
9465050525,41,ev bike
9446687302,21,ev bike
9454969562,50,van
2070708776,33,truck
9447035894,33,bike
9451711928,50,ev bike
9454996022,31,bike
9447139435,37,truck
9454995951,9,ev van
1068901959,23,ev van
9462170633,19,ev bike
9457375227,42,ev bike
9465199256,5,bike
9447095839,44,scooter
9452043466,19,truck
9447068786,11,scooter
9447000154,12,van
3743556462,50,van
9454995976,32,ev bike
5287222237,36,scooter
9454766592,24,bike
9447120344,5,van
9446681544,10,van
9465024413,22,ev bike
9461998171,35,ev bike
9452031810,32,bike
9454741619,15,van
9465260242,9,scooter
1361111478,46,van
9457204929,41,van
9447167173,41,bike
8777556157,28,ev bike
9415394255,2,bike
9462144943,13,bike
9451714154,16,ev bike
9447109635,2,ev van
9455062895,44,van
9447132813,7,ev van
9454736658,26,bike
9446929315,13,scooter
9454571384,15,scooter
9446985288,17,truck
6430002731,48,van
9452012754,8,scooter
9446673971,44,bike
9447167188,13,van
9465189594,12,ev van
9464994786,10,van
9465214016,37,van
9451698048,42,truck
9455136510,21,ev van
9446961370,28,ev bike
5291677791,18,ev bike
9446893169,47,van
9447156703,21,van
9465086725,43,van
9446911405,15,scooter
9455198357,39,scooter
9454752676,27,ev van
9457187141,28,scooter
9465226731,34,ev van
9454571337,14,truck
9454537965,24,ev van
9446961449,26,ev bike
9451804443,50,scooter
9446820399,42,bike
9446982695,41,scooter
9454736716,43,scooter
9465113545,12,ev van
9457180583,46,scooter
9465093264,9,ev van
9454672197,4,van
9447109733,49,bike
9465226744,7,bike
9447223498,49,ev bike
9451981971,18,scooter
5291677767,11,ev van
9447012641,12,ev van
9465044276,13,ev bike
5291677755,45,scooter
9465035055,45,ev bike
9451624883,12,ev van
9446893176,13,van
9454736666,23,truck
9454766607,50,bike
9447095869,24,ev van
9462123689,6,van
9446995623,43,ev bike
9452043472,17,scooter
9455028322,22,ev bike
9446675239,12,ev van
9446855873,10,bike
3743556456,15,van
9462206012,42,bike
9454817388,9,van
10131729693,38,bike
5287258839,44,scooter
9457375448,32,bike
9455062901,16,van
3743556439,5,truck
9452293301,27,van
9462206072,38,van
9465119393,23,ev bike
9451802242,19,truck
9447042487,1,ev van
9452043460,8,truck
9462026379,2,ev bike
9454996026,17,truck
9446652297,42,ev bike
9464994764,35,ev van
12543365687,31,van
9462026321,3,bike
9465240957,2,truck
9452280518,47,bike
9454996055,22,van
12651769984,9,ev van
9447156695,22,van
9457092949,42,truck
9452043473,41,bike
9464999094,43,bike
9465240828,39,van
9446982831,24,van
9455172805,23,truck
13720840300,45,ev bike
9446816868,38,ev bike
9455028272,42,van
9446683230,23,bike
9465050536,23,van
9465189545,50,bike
9454618008,17,bike
9454995958,27,truck
9451697942,34,truck
9455148380,44,ev bike
9452376044,26,ev bike
9462164969,25,ev van
9447152687,39,scooter
9447088175,20,scooter
9465044220,24,bike
9446681612,30,scooter
9464978612,46,van
9452157414,16,bike
9446681530,31,bike
9454671376,24,ev van
9454736684,30,van
9462204306,31,scooter
1361111333,50,ev bike
9447148327,5,ev van
5291677808,32,scooter
9454741632,29,truck
9455028404,10,ev bike
9444550678,22,van
9462026380,21,van
9447025008,17,bike
9447152645,12,bike
9465093282,7,van
9444550676,44,bike
9447120345,16,truck
9455028223,27,bike
9465113530,39,bike
5291676746,37,ev van
9455028307,15,scooter
9454969552,23,scooter
9454576368,8,scooter
9446675281,13,scooter
9447012379,12,ev bike
9462074840,15,bike
1068901489,37,bike
9446961459,35,bike
5291676785,27,ev bike
3746862651,28,ev van
9446943839,27,bike
9415388794,28,ev bike
9447042480,38,bike
9462170704,13,truck
9465113562,18,van
9464999080,49,truck
9452351873,10,scooter
9446681582,15,bike
9462006590,47,ev bike
9452157226,45,ev van
9462170638,10,ev bike
9454514893,21,ev bike
9457191017,28,truck
9465086739,34,scooter
9447035899,23,bike
9447120350,21,ev bike
6430002717,7,scooter
9454534382,15,scooter
9446982315,26,truck
9447167166,22,ev van
9446929244,16,ev bike
9454672132,46,scooter
9461998180,46,truck
3746865339,7,scooter
9447003917,8,scooter
9455027680,10,scooter
1068901649,49,van
3743556436,43,van
9454789396,17,ev van
9446911391,26,van
9452157429,21,ev bike
1068901731,49,van
9451981941,30,ev van
9447156697,47,truck
9446961365,45,van
9436348074,39,bike
9451630748,11,ev van
9446961345,3,van
9444510119,32,ev bike
9447148331,10,truck
9457375250,37,bike
9451711939,37,bike
9447109737,16,ev van
9464947806,16,van
9464977513,41,bike
9446687307,21,truck
9465010022,8,truck
9461998193,3,scooter
9447120343,31,scooter
9452280520,23,ev bike
9464987233,6,van
9461998120,42,ev bike
9454571343,30,ev van
9454618010,37,bike
9465119348,2,ev bike
9446673881,21,scooter
9447012629,17,van
9462006588,45,bike
9464994743,21,scooter
9465199260,41,bike
9454817366,4,bike
9455148396,17,ev bike
9462026369,2,truck
9446675265,48,bike
9455086118,33,truck
9454534390,31,ev van
9454817359,32,ev bike
9452157419,37,ev bike
9452043437,27,ev van
9447025010,40,scooter
9454571374,11,van
9446989933,41,scooter
9446893184,46,truck
9454576394,26,ev bike
9446982846,44,truck
12543365674,5,van
9452292324,32,van
9465113525,39,truck
9465086721,50,van
9447000141,7,truck
2070709069,39,van
9454548283,6,bike
3746862646,7,truck
9451711990,20,van
9444361053,29,ev van
3743556424,38,van
9465086755,48,bike
9446949196,46,ev van
4485698908,40,van
9451999771,13,scooter
9464947780,2,bike
9455136485,13,bike
9465044271,38,truck
14017626637,50,truck
9446917587,26,ev bike
9454725940,38,ev bike
9465050549,40,van
9457216227,24,ev bike
9462145001,41,ev van
9454855613,9,scooter
9447156696,39,van
9454713396,49,van
9451613678,41,ev bike
9451619226,9,van
9447139466,15,scooter
9452157380,17,scooter
9462204269,43,bike
9446811984,5,bike
2070708871,12,van
9446911397,14,ev van
9446936671,47,ev van
9447042488,43,ev bike
2614492894,43,van
9447003105,21,scooter
9446675246,39,ev van
9465035050,37,bike
9452012753,15,ev bike
9465035680,2,bike
9447000151,12,scooter
9457180576,20,bike
9452031786,6,ev van
9451624894,4,scooter
9446687293,21,bike
2613601305,32,van
3746862638,37,truck
9451662722,14,scooter
9451701097,19,bike
9454995939,31,bike
9454789387,46,ev van
9451680099,45,ev van
9455062862,6,truck
9446936658,18,scooter
9452351857,24,scooter
9465035049,2,truck
9446985300,25,ev bike
9454538013,23,ev van
9462026368,49,scooter
3682898039,23,bike
9465113518,18,bike
9447012664,46,truck
3743556460,1,ev van
9447012656,28,bike
9455028217,42,ev bike
9446673963,48,bike
9454778619,38,ev bike
9446687721,37,van
9447148338,9,bike
9455028362,48,ev bike
9455172739,29,truck
9447068809,39,bike
9465035063,36,ev van
2070709618,19,bike
6430512015,50,ev van
9454537969,5,ev van
9457200383,31,truck
3743556428,50,ev bike
9455027689,34,ev bike
9462144970,37,van
5289041835,25,scooter
9447095860,45,van
9447068803,27,scooter
9446961343,11,truck
9447239777,3,ev bike
13720840296,38,truck
5291677802,24,truck
9444510125,19,ev van
9452157345,15,van
9455198343,39,truck
9446893211,12,scooter
9452247526,28,ev van
9452157322,23,ev bike
9465260249,36,scooter
9446893199,23,ev van
9457375228,50,van
9446982693,30,bike
9462130041,2,van
9465100151,45,bike
9454996023,9,van
9447088118,31,ev van
9446820397,29,scooter
9444361078,16,scooter
11135832312,47,bike
9455148367,47,scooter
9446652295,27,truck
9447088162,42,ev bike
9446893202,8,bike
9447012666,36,truck
9444510126,41,ev bike
9454576371,5,truck
9457375399,5,ev bike
9457189801,40,scooter
9465035059,25,ev bike
9464999059,15,ev van
9465100147,3,truck
9446894045,4,scooter
9454537959,8,van
9447042459,15,scooter
9464959315,15,ev van
9465035056,20,ev van
9457173406,5,van
9455028255,42,ev bike
9451711986,37,ev bike
3743556446,24,bike
9464947795,8,van
9454514899,40,bike
9455028228,46,truck
9454736715,47,truck
9455172761,13,ev van
9446911401,1,van
9446936629,41,truck
9446866260,32,bike
9446820390,20,bike
9462170724,42,van
9461985908,41,van
9454672180,5,ev bike
9465226721,38,van
9447025007,25,bike
9451969195,4,bike
3743556418,17,truck
9447120360,49,bike
9465113520,9,ev van
9451999792,22,scooter
9415388775,18,scooter
9446816865,14,van
9454889810,44,scooter
9464987235,21,ev bike
9465226745,48,van
9465035024,17,truck
9465085812,48,van
1068901855,22,ev bike
9455028407,43,van
9454995950,31,ev bike
9447026589,7,truck
9444550662,27,ev van
9454656687,42,ev bike
9446820398,30,bike
9454583121,33,scooter
9447156708,19,van
9457092970,7,bike
9462144997,37,scooter
9451868524,22,ev van
9455028411,40,truck
9447050130,20,truck
2070709589,30,bike
9447132920,26,ev van
9446949204,33,ev bike
9464977489,13,van
9452267010,9,ev van
9451701098,29,ev bike
9451619227,12,ev van
9446811994,33,ev van
9447012657,50,truck
9446687719,32,truck
9447183378,9,ev van
9452173276,15,truck
9451619231,28,scooter
9446911394,50,ev bike
9452292334,3,van
9465113533,31,ev van
9454571393,16,ev bike
9451999773,17,van
9457199396,37,ev van
9454571416,42,ev van
9465022134,38,truck
9451981979,32,van
9454752702,18,van
9451982000,36,scooter
9465113561,45,ev bike
3743556441,33,van
9451712001,14,truck
9447109720,36,scooter
9454996044,3,van
9462074866,4,ev bike
9465035069,8,scooter
9457204102,45,scooter
5287258854,37,ev bike
9451701085,45,truck
9447158733,50,bike
9447158718,41,truck
9447109739,35,truck
9454571352,46,scooter
9451807629,13,bike
9446929246,43,ev van
11428595419,11,van
9455172744,46,bike
9455028455,40,van
9452280608,45,ev van
9447144834,7,scooter
9447118800,48,truck
9465260283,33,ev van
9454752634,19,bike
9464999100,15,truck
9464994779,30,ev van
9464977505,31,ev van
9447012121,40,ev bike
5291677809,30,truck
2070709365,16,scooter
9465226730,25,van
9447035896,20,ev van
3743556458,40,truck
11140840194,32,van
9451804448,42,van
9465022123,44,ev bike
9454969551,38,van
9451711919,25,bike
9452157273,20,van
8777556167,9,truck
9446929273,12,ev bike
9454752628,19,ev bike
9446929237,15,scooter
9465642800,8,scooter
9454996057,5,scooter
9452292320,41,truck
9454571332,36,scooter
9465093274,16,ev van
9457189792,7,van
9454571372,21,truck
9451807641,28,truck
9452319950,3,bike
9462074857,30,scooter
9464978608,29,ev van
9454748076,43,ev bike
9451804432,26,ev bike
9454571375,32,ev van
9447172501,10,ev bike
9447055220,44,bike
9444361061,30,bike
9447045935,32,ev van
14017626633,19,van
9451711920,50,ev van
9464999097,33,ev bike
9451804463,40,truck
9451630750,32,ev van
9461998145,19,truck
9451630747,1,scooter
9451711985,14,truck
9454538016,27,van
9462206089,31,ev van
9447139470,25,bike
5291677761,11,van
9465695816,23,bike
9447120356,7,scooter
9447042471,32,scooter
9465213981,33,truck
9444571120,41,ev van
3743556437,19,scooter
9446820404,29,bike
9464994744,20,bike
9462123684,4,truck
9465159165,48,scooter
9446855866,12,van
9452247556,44,scooter
9464962461,11,ev bike
9455028264,34,bike
9446985286,26,ev van
9457204926,35,truck
9452043428,46,van
9454889794,50,scooter
9447139442,23,van
9465260251,36,scooter
9454571388,32,ev bike
2070709160,26,bike
9465035052,25,van
9457375414,31,ev van
9464994765,6,bike
9447183937,27,truck
9454576362,44,scooter
9451698050,16,truck
9462144973,25,van
9455028224,32,van
9447012669,2,bike
9447042493,17,van
9446866269,32,bike
9454571329,6,ev van
9454725917,23,scooter
9447118771,20,bike
9446995624,8,bike
3746862662,13,bike
9446893154,2,ev bike
9454672125,9,van
9465695810,32,scooter
3743556457,10,van
9457189802,18,ev bike
9447068776,38,van
9454672151,40,truck
1068901977,5,scooter
9446673967,6,van
9451630755,25,bike
9451802263,42,ev van
9452365338,5,ev bike
9465159167,23,ev bike
9465159166,45,ev bike
9465093230,37,ev van
9454571439,29,truck
9465010017,7,ev van
9454752656,11,van
9447120359,15,ev bike
9462074826,21,ev van
9447144835,10,ev van
9446925726,14,ev van
9462206051,46,ev van
9454874621,18,ev van
9446687282,7,truck
9446929296,11,ev bike
9452157453,12,scooter
9447223529,8,ev van
9465177855,12,ev van
9454874620,44,van
9454874634,2,ev van
9457187164,37,truck
9446687718,22,truck
9465214006,29,ev bike
9452043453,42,truck
9454672187,3,ev bike
9446961371,38,van
9462170676,16,truck
9451868543,13,bike
9465085807,48,van
9447172506,36,scooter
9454855612,22,bike
9457375349,9,ev van
9447223500,40,truck
9451677956,48,ev van
9465050546,41,bike
9447212806,44,scooter
9454748108,36,ev bike
5291677784,8,truck
9465113564,13,ev van
9446982697,18,van
9454537961,20,ev bike
9447026574,40,truck
9451807621,20,bike
9447148320,32,bike
9446917606,3,ev van
9446961479,2,van
9451701090,33,ev bike
9451697948,7,bike
9446929276,35,van
9447000176,29,van
9465022120,40,bike
9454736683,42,van
9447223518,7,scooter
9455028351,45,truck
9451710238,32,ev van
9465213975,24,ev van
3746862681,5,truck
9447050133,11,van
9465113532,49,truck
9455062910,45,ev van
9451662724,6,bike
9454889556,26,truck
9447118804,8,bike
4206976978,49,bike
9447012403,22,truck
9465093313,34,truck
9465086726,4,ev bike
9465679526,22,ev van
9447003096,33,ev bike
9446811991,11,truck
9446652296,14,truck
2613601300,7,truck
9447188922,1,ev bike
9447139447,2,scooter
9447088169,6,bike
9451845819,42,bike
9451698058,50,bike
1068901671,22,scooter
9454608286,4,scooter
9462206083,12,ev van
9451662720,8,bike
9447118812,25,ev bike
9447024999,49,bike
9454766608,50,scooter
9464978599,16,truck
9464983324,34,bike
9462061055,31,bike
9451704707,1,bike
9446982316,50,truck
2613601359,8,ev van
9447120363,46,scooter
9455136509,44,truck
9454889801,38,ev bike
9447118807,18,ev bike
9451690642,17,van
9451711970,21,ev bike
9455028269,30,scooter
9447183385,35,ev van
9446855870,32,ev van
9464987232,38,ev van
1917826123,7,bike
9447025002,20,truck
2070709146,43,scooter
9465213933,7,bike
9446936670,4,bike
9465035068,17,ev van
9447156698,8,ev van
9454995975,30,ev bike
9455028220,9,ev van
9446949197,21,ev van
9454766589,33,van
9465679521,2,scooter
9444510122,21,ev bike
9447088716,39,bike
9452319921,20,ev van
5291677789,22,truck
9454752653,28,ev van
9447000153,26,van
9465240837,30,bike
9452157430,32,scooter
9446968601,38,bike
9454789406,7,van
9454889751,7,ev van
9457187129,29,ev van
5287221823,35,van
12543365684,23,ev van
9455172804,39,ev bike
9447183943,30,truck
12543365675,28,truck
6430002713,30,van
9451701084,39,van
9447188923,40,bike
9447026563,2,ev van
9446985314,11,van
5297588207,1,ev bike
9446675245,37,scooter
9465113549,8,ev bike
9451630729,30,bike
9465199243,24,scooter
9465240847,14,van
9451630758,10,ev van
9462061107,44,bike
9451969216,40,van
1361113763,34,van
12543365695,45,ev van
9446961352,25,bike
9447012622,31,truck
9465086749,19,scooter
9465100132,23,scooter
9454567037,2,bike
9447172511,21,ev van
9464959311,48,scooter
9447095866,34,bike
9415394229,3,ev bike
9457189788,6,ev bike
9454876415,6,ev bike
9465044274,47,ev bike
11268826051,50,bike
9462197204,3,truck
9457190513,10,ev bike
9454752681,37,ev van
9451624882,2,bike
9446911393,39,ev bike
9447172502,28,scooter
12543365677,36,scooter
9447003109,30,ev bike
9465113558,8,ev van
9451830013,12,truck
9451711930,32,scooter
9452319949,9,bike
9465093239,19,scooter
9454571344,46,ev van
9465642790,50,bike
9452043432,36,ev van
9465226740,18,bike
9454618005,14,ev bike
5291677797,10,ev bike
9454766588,21,truck
9447172505,13,truck
9465260269,36,scooter
9447139448,15,van
9455028311,13,ev van
9455027709,44,bike
9462061062,22,ev bike
3743556467,4,bike
9465199267,3,ev van
9444521411,8,ev bike
3743556480,34,truck
9452376098,8,ev bike
9452376072,25,ev bike
9454713408,13,van
9446982824,14,ev bike
9447000162,18,truck
9454752687,22,bike
9457200393,30,bike
9462061057,39,scooter
9446866259,15,scooter
9451710292,40,van
9462170632,48,bike
9454752631,46,ev bike
9457180580,15,truck
9465240821,17,scooter
9446894056,29,ev bike
9462206032,32,truck
9452157305,31,ev bike
9457173407,35,van
9447139458,45,ev van
9465260272,21,truck
9447000150,7,truck
9464999041,50,ev van
9465113541,36,ev bike
9454874639,9,van
9444550680,19,ev bike
9454672186,37,bike
9452365335,27,van
9462061056,16,bike
9455062863,5,truck
9465086731,45,bike
9454889535,4,scooter
9447003111,45,ev van
9464994758,14,bike
9465213957,19,scooter
9455028456,45,ev bike
9446917607,18,ev bike
9454995986,48,van
9454778663,23,truck
5291677769,26,ev bike
9454571355,39,bike
9455148379,45,bike
9452266990,7,bike
9465035062,49,bike
9465679555,42,bike
9447012626,33,scooter
9454876380,48,ev van
9465086722,35,truck
5297589435,34,scooter
9451704706,49,bike
9446989918,11,ev bike
9462026363,20,scooter
9455028349,30,truck
6430002735,42,bike
9464947803,35,scooter
9446673996,29,van
9447088139,19,bike
9446855871,17,ev bike
4206978997,37,ev bike
6430512013,47,van
9447118809,24,bike
9462205989,6,bike
9452365337,32,van
9454778661,38,truck
9454752686,4,ev bike
9454766591,43,bike
9465260260,42,van
9451710288,11,van
9454736667,20,van
9465035042,32,van
9454817345,29,ev van
9447120366,42,truck
9454608253,14,van
9462170700,19,ev bike
9447003112,22,bike
1068901502,12,van
9461998192,17,van
9447026549,13,bike
9454672189,21,van
9452043423,31,van
9465226717,14,van
9465050521,39,ev bike
9454571333,19,ev bike
9454996050,45,truck
9451701074,4,bike
9465252997,3,bike
9454672158,28,ev van
9455172750,50,ev bike
9447012634,41,bike
9447025001,31,truck
9451999774,40,truck
9446675269,46,bike
9447003926,7,truck
9452351877,12,bike
9454537975,25,van
9447035892,16,ev bike
9452031804,25,scooter
9454817378,44,van
9447183386,49,ev van
9452043438,33,truck
9452293290,33,van
9452293312,18,ev van
9462144966,21,ev bike
9454562410,23,scooter
9457155144,27,bike
9454571350,32,van
9454736678,22,scooter
9452173284,7,bike
9465642802,20,scooter
9465702320,34,van
9454713379,4,van
9451624904,30,ev bike
9447095854,14,truck
9454617989,35,van
9465119347,21,van
9465177847,19,bike
9454889789,27,truck
9454778623,29,ev bike
9451768639,44,van
9465113519,45,van
9451630727,13,ev bike
9446949215,50,van
9454748103,4,bike
9465240964,7,ev bike
9465086762,43,ev bike
9454789399,9,ev van
9455028331,18,truck
3743556463,1,van
9447246722,11,van
9446961491,41,ev van
9447125108,49,ev bike
9454537980,19,van
9455027705,11,truck
9451619238,47,ev bike
6619195069,33,truck
9446820401,45,ev bike
9447139434,4,ev bike
9446855868,5,ev bike
9465240950,6,van
9451613692,8,bike
9454537981,24,scooter
9465213984,28,bike
9447172512,27,scooter
9454576358,13,ev van
9455028234,9,truck
9457375421,46,truck
9447109628,14,ev bike
9454789380,46,van
9465035067,18,scooter
9446929243,13,bike
9447088214,21,ev van
9455027667,37,truck
6430512008,42,truck
9462006610,24,ev van
9457191032,40,bike
9462197214,13,scooter
9454876412,31,ev van
9446820379,50,ev bike
9464962455,26,ev bike
9446893165,48,truck
9454752700,42,van
9446820400,19,truck
9465199244,44,ev bike
9454571336,14,ev van
9451711962,19,scooter
9454562402,22,scooter
9465240961,48,truck
9455198369,16,bike
9451710287,19,van
9452266980,3,van
9465103008,6,ev bike
3743556420,50,bike
9457180597,30,ev bike
9451714149,1,ev bike
9446917615,4,ev bike
9446820380,45,ev bike
9462144935,28,van
9447088119,13,bike
9462170668,11,ev van
9447095824,43,truck
9451640008,23,scooter
9447139449,24,scooter
9446687294,47,truck
9464973603,11,scooter
9447239729,39,ev van
9452012752,46,ev van
9446894062,44,van
9447109725,50,scooter
9464947761,18,ev van
9447212804,33,truck
9455136503,46,bike
6430512011,27,ev van
5291677798,17,van
9454576401,45,scooter
9465035061,41,van
9447026570,10,scooter
9454567017,38,scooter
9451698073,39,bike
9465125673,3,ev van
9447282492,13,truck
9454586735,47,ev bike
9455028441,13,truck
9462164985,7,ev van
2070709121,6,ev bike
9447088171,50,ev van
9465093316,35,van
9454537974,32,van
9452292322,4,van
9457375346,22,truck
9452247547,7,truck
9465119394,50,ev van
9457155154,48,ev bike
9444492621,23,truck
9457180596,42,ev van
9464987217,38,ev bike
9446985294,42,van
9465035046,11,van
9452043429,13,scooter
9462074848,38,van
9457187148,16,scooter
9447003919,1,van
9454571345,19,ev van
9452012720,41,truck
9455028250,44,ev van
9446961485,37,van
9465642811,6,truck
5297629638,4,ev bike
9454889552,8,van
9447183934,31,van
9465695811,29,ev bike
9457173402,36,bike
9465100133,47,ev bike
9451662725,43,scooter
9446911398,31,scooter
9447050148,37,ev bike
9462206031,36,van
2070708749,19,scooter
9446898990,16,truck
9451768664,6,van
9464947782,7,bike
9447172504,25,scooter
9451807636,8,van
9465035044,19,truck
9454571328,17,bike
9464999028,8,ev bike
9447088153,26,ev van
9454752649,22,van
5287222247,50,ev bike
9457375324,4,bike
9454537978,14,truck
9446681616,2,scooter
9451937046,37,bike
9446911389,5,ev van
9462006567,16,van
9454672196,46,van
9451680063,39,scooter
9451698077,12,ev bike
9452043426,27,scooter
9447125100,31,truck
