instance_id,algorithm,seed,total_cost,runtime_seconds,converged_iteration
instance_n100,Nearest Neighbor,1,2266701.8979492188,0.0019974708557128906,0
instance_n100,Nearest Neighbor,2,2266701.8979492188,0.0019974708557128906,0
instance_n100,Nearest Neighbor,3,2266701.8979492188,0.0019974708557128906,0
instance_n100,Nearest Neighbor,4,2266701.8979492188,0.0019974708557128906,0
instance_n100,Nearest Neighbor,5,2266701.8979492188,0.0019974708557128906,0
instance_n100,Nearest Neighbor,6,2266701.8979492188,0.0019974708557128906,0
instance_n100,Nearest Neighbor,7,2266701.8979492188,0.0019974708557128906,0
instance_n100,Nearest Neighbor,8,2266701.8979492188,0.0019974708557128906,0
instance_n100,Nearest Neighbor,9,2266701.8979492188,0.0019974708557128906,0
instance_n100,Nearest Neighbor,10,2266701.8979492188,0.0019974708557128906,0
instance_n100,Clarke-Wright,1,3228951.4125976562,0.07803201675415039,0
instance_n100,Clarke-Wright,2,3228951.4125976562,0.07803201675415039,0
instance_n100,Clarke-Wright,3,3228951.4125976562,0.07803201675415039,0
instance_n100,Clarke-Wright,4,3228951.4125976562,0.07803201675415039,0
instance_n100,Clarke-Wright,5,3228951.4125976562,0.07803201675415039,0
instance_n100,Clarke-Wright,6,3228951.4125976562,0.07803201675415039,0
instance_n100,Clarke-Wright,7,3228951.4125976562,0.07803201675415039,0
instance_n100,Clarke-Wright,8,3228951.4125976562,0.07803201675415039,0
instance_n100,Clarke-Wright,9,3228951.4125976562,0.07803201675415039,0
instance_n100,Clarke-Wright,10,3228951.4125976562,0.07803201675415039,0
instance_n100,Standard PSO,1,3427345.7236328125,0.5190784931182861,82
instance_n100,Standard PSO,2,3424998.478515625,0.42664480209350586,80
instance_n100,Standard PSO,3,3442509.9892578125,0.9145724773406982,95
instance_n100,Standard PSO,4,3431156.7138671875,1.8309662342071533,44
instance_n100,Standard PSO,5,3438442.0048828125,2.607595682144165,95
instance_n100,Standard PSO,6,3438847.58203125,1.5160789489746094,98
instance_n100,Standard PSO,7,3416538.888671875,1.8121364116668701,96
instance_n100,Standard PSO,8,3419907.740234375,1.5946202278137207,95
instance_n100,Standard PSO,9,3411305.271484375,1.515333652496338,92
instance_n100,Standard PSO,10,3442110.7822265625,1.657027244567871,96
instance_n100,QPSO,1,3441698.021484375,1.8107855319976807,81
instance_n100,QPSO,2,3429837.44921875,1.8138055801391602,95
instance_n100,QPSO,3,3444921.3359375,1.9936919212341309,69
instance_n100,QPSO,4,3441559.689453125,1.9395222663879395,0
instance_n100,QPSO,5,3453615.6015625,1.8530943393707275,65
instance_n100,QPSO,6,3451332.2109375,1.8237097263336182,10
instance_n100,QPSO,7,3450067.4462890625,1.9754137992858887,35
instance_n100,QPSO,8,3436311.4638671875,1.6711680889129639,73
instance_n100,QPSO,9,3441847.9716796875,1.83878755569458,79
instance_n100,QPSO,10,3447875.6884765625,1.791137933731079,6
instance_n100,Genetic Algorithm,1,327636.8515625,3.3436760902404785,99
instance_n100,Genetic Algorithm,2,358500.8203125,3.229024648666382,99
instance_n100,Genetic Algorithm,3,342236.71875,3.3724308013916016,99
instance_n100,Genetic Algorithm,4,319118.998046875,3.1433584690093994,99
instance_n100,Genetic Algorithm,5,354534.1025390625,3.2504401206970215,99
instance_n100,Genetic Algorithm,6,333215.9931640625,3.220240592956543,99
instance_n100,Genetic Algorithm,7,353608.2666015625,3.1400301456451416,99
instance_n100,Genetic Algorithm,8,359021.2626953125,3.1401891708374023,99
instance_n100,Genetic Algorithm,9,327972.279296875,3.1970834732055664,99
instance_n100,Genetic Algorithm,10,344565.150390625,3.331021547317505,99
instance_n100,Ant Colony (MMAS),1,2257529.7822265625,36.251450061798096,33
instance_n100,Ant Colony (MMAS),2,2254281.0205078125,30.166963815689087,74
instance_n100,Ant Colony (MMAS),3,2267398.7900390625,31.778743505477905,35
instance_n100,Ant Colony (MMAS),4,2261673.69140625,26.665223121643066,24
instance_n100,Ant Colony (MMAS),5,2260183.1264648438,26.799746990203857,70
instance_n100,Ant Colony (MMAS),6,2259165.841796875,28.679996013641357,48
instance_n100,Ant Colony (MMAS),7,2261848.82421875,50.26802349090576,39
instance_n100,Ant Colony (MMAS),8,2263645.115234375,54.27404260635376,32
instance_n100,Ant Colony (MMAS),9,2261787.966796875,38.04959845542908,95
instance_n100,Ant Colony (MMAS),10,2248214.48046875,44.49030303955078,93
instance_n20,Nearest Neighbor,1,85440.056640625,0.0010023117065429688,0
instance_n20,Nearest Neighbor,2,85440.056640625,0.0010023117065429688,0
instance_n20,Nearest Neighbor,3,85440.056640625,0.0010023117065429688,0
instance_n20,Nearest Neighbor,4,85440.056640625,0.0010023117065429688,0
instance_n20,Nearest Neighbor,5,85440.056640625,0.0010023117065429688,0
instance_n20,Nearest Neighbor,6,85440.056640625,0.0010023117065429688,0
instance_n20,Nearest Neighbor,7,85440.056640625,0.0010023117065429688,0
instance_n20,Nearest Neighbor,8,85440.056640625,0.0010023117065429688,0
instance_n20,Nearest Neighbor,9,85440.056640625,0.0010023117065429688,0
instance_n20,Nearest Neighbor,10,85440.056640625,0.0010023117065429688,0
instance_n20,Clarke-Wright,1,64161.048828125,0.006476640701293945,0
instance_n20,Clarke-Wright,2,64161.048828125,0.006476640701293945,0
instance_n20,Clarke-Wright,3,64161.048828125,0.006476640701293945,0
instance_n20,Clarke-Wright,4,64161.048828125,0.006476640701293945,0
instance_n20,Clarke-Wright,5,64161.048828125,0.006476640701293945,0
instance_n20,Clarke-Wright,6,64161.048828125,0.006476640701293945,0
instance_n20,Clarke-Wright,7,64161.048828125,0.006476640701293945,0
instance_n20,Clarke-Wright,8,64161.048828125,0.006476640701293945,0
instance_n20,Clarke-Wright,9,64161.048828125,0.006476640701293945,0
instance_n20,Clarke-Wright,10,64161.048828125,0.006476640701293945,0
instance_n20,Standard PSO,1,72180.71484375,0.19449925422668457,88
instance_n20,Standard PSO,2,71818.375,0.15833425521850586,71
instance_n20,Standard PSO,3,67380.048828125,0.13990449905395508,69
instance_n20,Standard PSO,4,70277.3935546875,0.23413372039794922,57
instance_n20,Standard PSO,5,71096.5654296875,0.19037270545959473,93
instance_n20,Standard PSO,6,68620.2236328125,0.1800975799560547,67
instance_n20,Standard PSO,7,66895.2490234375,0.6379179954528809,71
instance_n20,Standard PSO,8,74409.6298828125,0.18407702445983887,56
instance_n20,Standard PSO,9,73533.2431640625,0.16219568252563477,67
instance_n20,Standard PSO,10,72014.6875,0.36312127113342285,90
instance_n20,QPSO,1,72813.9443359375,0.7500240802764893,98
instance_n20,QPSO,2,73403.9423828125,0.7262663841247559,99
instance_n20,QPSO,3,72195.08203125,0.8296682834625244,97
instance_n20,QPSO,4,77216.140625,0.7836582660675049,44
instance_n20,QPSO,5,69367.8291015625,0.834601640701294,90
instance_n20,QPSO,6,66391.6044921875,0.7922885417938232,97
instance_n20,QPSO,7,70191.5732421875,0.7850875854492188,90
instance_n20,QPSO,8,78221.693359375,0.8709967136383057,87
instance_n20,QPSO,9,66718.4189453125,0.7417654991149902,99
instance_n20,QPSO,10,69474.6240234375,0.813751220703125,98
instance_n20,Genetic Algorithm,1,69370.798828125,0.7628791332244873,99
instance_n20,Genetic Algorithm,2,70097.8564453125,0.7234053611755371,99
instance_n20,Genetic Algorithm,3,67783.6435546875,0.6915183067321777,99
instance_n20,Genetic Algorithm,4,70455.736328125,0.7584042549133301,99
instance_n20,Genetic Algorithm,5,67404.5537109375,0.734642744064331,99
instance_n20,Genetic Algorithm,6,68773.86767578125,0.7964267730712891,99
instance_n20,Genetic Algorithm,7,70552.01953125,0.7486612796783447,99
instance_n20,Genetic Algorithm,8,69416.103515625,0.7245173454284668,99
instance_n20,Genetic Algorithm,9,67959.970703125,0.713655948638916,99
instance_n20,Genetic Algorithm,10,73020.5712890625,0.7362897396087646,99
instance_n20,Ant Colony (MMAS),1,58381.8544921875,6.518972635269165,66
instance_n20,Ant Colony (MMAS),2,58381.8544921875,5.178860902786255,88
instance_n20,Ant Colony (MMAS),3,58389.8271484375,5.144749879837036,40
instance_n20,Ant Colony (MMAS),4,58598.6767578125,4.920067310333252,87
instance_n20,Ant Colony (MMAS),5,58389.8271484375,2.309338331222534,50
instance_n20,Ant Colony (MMAS),6,58381.8544921875,5.030235767364502,64
instance_n20,Ant Colony (MMAS),7,58381.8544921875,5.127336025238037,49
instance_n20,Ant Colony (MMAS),8,58490.4619140625,5.317056655883789,96
instance_n20,Ant Colony (MMAS),9,61295.5947265625,5.237803220748901,97
instance_n20,Ant Colony (MMAS),10,58401.4755859375,4.39155125617981,99
instance_n50,Nearest Neighbor,1,3184609.0224609375,0.001087188720703125,0
instance_n50,Nearest Neighbor,2,3184609.0224609375,0.001087188720703125,0
instance_n50,Nearest Neighbor,3,3184609.0224609375,0.001087188720703125,0
instance_n50,Nearest Neighbor,4,3184609.0224609375,0.001087188720703125,0
instance_n50,Nearest Neighbor,5,3184609.0224609375,0.001087188720703125,0
instance_n50,Nearest Neighbor,6,3184609.0224609375,0.001087188720703125,0
instance_n50,Nearest Neighbor,7,3184609.0224609375,0.001087188720703125,0
instance_n50,Nearest Neighbor,8,3184609.0224609375,0.001087188720703125,0
instance_n50,Nearest Neighbor,9,3184609.0224609375,0.001087188720703125,0
instance_n50,Nearest Neighbor,10,3184609.0224609375,0.001087188720703125,0
instance_n50,Clarke-Wright,1,3149027.943359375,0.00854349136352539,0
instance_n50,Clarke-Wright,2,3149027.943359375,0.00854349136352539,0
instance_n50,Clarke-Wright,3,3149027.943359375,0.00854349136352539,0
instance_n50,Clarke-Wright,4,3149027.943359375,0.00854349136352539,0
instance_n50,Clarke-Wright,5,3149027.943359375,0.00854349136352539,0
instance_n50,Clarke-Wright,6,3149027.943359375,0.00854349136352539,0
instance_n50,Clarke-Wright,7,3149027.943359375,0.00854349136352539,0
instance_n50,Clarke-Wright,8,3149027.943359375,0.00854349136352539,0
instance_n50,Clarke-Wright,9,3149027.943359375,0.00854349136352539,0
instance_n50,Clarke-Wright,10,3149027.943359375,0.00854349136352539,0
instance_n50,Standard PSO,1,3220728.091796875,0.27747082710266113,94
instance_n50,Standard PSO,2,3216641.30859375,0.24111127853393555,73
instance_n50,Standard PSO,3,3216005.44921875,0.24065732955932617,84
instance_n50,Standard PSO,4,3225900.705078125,0.25727295875549316,81
instance_n50,Standard PSO,5,3218797.4423828125,0.26577305793762207,90
instance_n50,Standard PSO,6,3205663.12109375,0.263808012008667,92
instance_n50,Standard PSO,7,3208341.998046875,0.2914440631866455,91
instance_n50,Standard PSO,8,3207013.271484375,0.24650287628173828,94
instance_n50,Standard PSO,9,3220190.220703125,0.24588799476623535,79
instance_n50,Standard PSO,10,3200728.96484375,0.5636093616485596,91
instance_n50,QPSO,1,3226495.1650390625,1.0961720943450928,57
instance_n50,QPSO,2,3229407.3798828125,1.0360426902770996,98
instance_n50,QPSO,3,3223626.7705078125,1.0407450199127197,41
instance_n50,QPSO,4,3218245.564453125,1.0988640785217285,62
instance_n50,QPSO,5,3225854.5234375,1.3411674499511719,37
instance_n50,QPSO,6,3228457.2045898438,1.1676077842712402,32
instance_n50,QPSO,7,3220408.9365234375,1.3269951343536377,50
instance_n50,QPSO,8,3226960.646484375,1.2356128692626953,65
instance_n50,QPSO,9,3229793.91015625,1.1498150825500488,33
instance_n50,QPSO,10,3222083.615234375,1.0327911376953125,50
instance_n50,Genetic Algorithm,1,185912.7451171875,1.4728443622589111,99
instance_n50,Genetic Algorithm,2,184178.0048828125,1.4611759185791016,99
instance_n50,Genetic Algorithm,3,190749.435546875,1.5067861080169678,99
instance_n50,Genetic Algorithm,4,199003.4853515625,1.4935555458068848,99
instance_n50,Genetic Algorithm,5,193505.0654296875,1.4632675647735596,99
instance_n50,Genetic Algorithm,6,194707.40380859375,1.5445733070373535,99
instance_n50,Genetic Algorithm,7,188346.01708984375,1.5062077045440674,99
instance_n50,Genetic Algorithm,8,186081.8818359375,1.507826566696167,99
instance_n50,Genetic Algorithm,9,189983.4130859375,1.49782395362854,99
instance_n50,Genetic Algorithm,10,193599.60546875,1.5125043392181396,99
instance_n50,Ant Colony (MMAS),1,2172525.23828125,13.901864290237427,88
instance_n50,Ant Colony (MMAS),2,2157129.3525390625,13.624773502349854,96
instance_n50,Ant Colony (MMAS),3,2168778.556640625,14.185752630233765,43
instance_n50,Ant Colony (MMAS),4,2170666.5576171875,13.672427892684937,95
instance_n50,Ant Colony (MMAS),5,2162365.537109375,13.657930612564087,73
instance_n50,Ant Colony (MMAS),6,2162006.2880859375,15.073277950286865,80
instance_n50,Ant Colony (MMAS),7,2188065.6865234375,10.175949811935425,85
instance_n50,Ant Colony (MMAS),8,2168332.5791015625,4.389584541320801,94
instance_n50,Ant Colony (MMAS),9,2164726.6826171875,3.9727487564086914,87
instance_n50,Ant Colony (MMAS),10,2178888.5,4.121959686279297,91
