instance_id,algorithm,seed,reported_cost,eval_distance,eval_num_routes,eval_penalty,eval_penalized_cost,reported_minus_eval,feasible_capacity,feasible_coverage,feasible_fleet,lower_bound_vehicles,vehicles_allowed,runtime_seconds,converged_iteration
instance_n20,Nearest Neighbor,1,85440.056640625,85440.056640625,5,0.0,85440.056640625,0.0,True,True,True,4,5,0.00012445449829101562,0
instance_n20,Nearest Neighbor,2,85440.056640625,85440.056640625,5,0.0,85440.056640625,0.0,True,True,True,4,5,0.00011873245239257812,0
instance_n20,Nearest Neighbor,3,85440.056640625,85440.056640625,5,0.0,85440.056640625,0.0,True,True,True,4,5,0.0001289844512939453,0
instance_n20,Nearest Neighbor,4,85440.056640625,85440.056640625,5,0.0,85440.056640625,0.0,True,True,True,4,5,0.00011444091796875,0
instance_n20,Nearest Neighbor,5,85440.056640625,85440.056640625,5,0.0,85440.056640625,0.0,True,True,True,4,5,0.00010657310485839844,0
instance_n20,Nearest Neighbor,6,85440.056640625,85440.056640625,5,0.0,85440.056640625,0.0,True,True,True,4,5,0.00011801719665527344,0
instance_n20,Nearest Neighbor,7,85440.056640625,85440.056640625,5,0.0,85440.056640625,0.0,True,True,True,4,5,0.00017547607421875,0
instance_n20,Nearest Neighbor,8,85440.056640625,85440.056640625,5,0.0,85440.056640625,0.0,True,True,True,4,5,0.00011086463928222656,0
instance_n20,Nearest Neighbor,9,85440.056640625,85440.056640625,5,0.0,85440.056640625,0.0,True,True,True,4,5,0.00010776519775390625,0
instance_n20,Nearest Neighbor,10,85440.056640625,85440.056640625,5,0.0,85440.056640625,0.0,True,True,True,4,5,0.00010991096496582031,0
instance_n20,Clarke-Wright,1,64161.048828125,64161.048828125,5,0.0,64161.048828125,0.0,True,True,True,4,5,0.0008072853088378906,0
instance_n20,Clarke-Wright,2,64161.048828125,64161.048828125,5,0.0,64161.048828125,0.0,True,True,True,4,5,0.0006890296936035156,0
instance_n20,Clarke-Wright,3,64161.048828125,64161.048828125,5,0.0,64161.048828125,0.0,True,True,True,4,5,0.0006208419799804688,0
instance_n20,Clarke-Wright,4,64161.048828125,64161.048828125,5,0.0,64161.048828125,0.0,True,True,True,4,5,0.0006542205810546875,0
instance_n20,Clarke-Wright,5,64161.048828125,64161.048828125,5,0.0,64161.048828125,0.0,True,True,True,4,5,0.0005850791931152344,0
instance_n20,Clarke-Wright,6,64161.048828125,64161.048828125,5,0.0,64161.048828125,0.0,True,True,True,4,5,0.0005931854248046875,0
instance_n20,Clarke-Wright,7,64161.048828125,64161.048828125,5,0.0,64161.048828125,0.0,True,True,True,4,5,0.0006234645843505859,0
instance_n20,Clarke-Wright,8,64161.048828125,64161.048828125,5,0.0,64161.048828125,0.0,True,True,True,4,5,0.0007119178771972656,0
instance_n20,Clarke-Wright,9,64161.048828125,64161.048828125,5,0.0,64161.048828125,0.0,True,True,True,4,5,0.0010900497436523438,0
instance_n20,Clarke-Wright,10,64161.048828125,64161.048828125,5,0.0,64161.048828125,0.0,True,True,True,4,5,0.0006201267242431641,0
instance_n20,Standard PSO,1,72180.71484375,72180.71484375,5,0.0,72180.71484375,0.0,True,True,True,4,5,0.09687566757202148,88
instance_n20,Standard PSO,2,71818.375,71818.375,4,0.0,71818.375,0.0,True,True,True,4,5,0.08344817161560059,71
instance_n20,Standard PSO,3,67380.048828125,67380.048828125,5,0.0,67380.048828125,0.0,True,True,True,4,5,0.08059000968933105,69
instance_n20,Standard PSO,4,70277.3935546875,70277.3935546875,5,0.0,70277.3935546875,0.0,True,True,True,4,5,0.08032798767089844,57
instance_n20,Standard PSO,5,71096.5654296875,71096.5654296875,5,0.0,71096.5654296875,0.0,True,True,True,4,5,0.08133578300476074,93
instance_n20,Standard PSO,6,68620.2236328125,68620.2236328125,5,0.0,68620.2236328125,0.0,True,True,True,4,5,0.08024477958679199,67
instance_n20,Standard PSO,7,66895.2490234375,66895.2490234375,5,0.0,66895.2490234375,0.0,True,True,True,4,5,0.08994317054748535,71
instance_n20,Standard PSO,8,74409.6298828125,74409.6298828125,5,0.0,74409.6298828125,0.0,True,True,True,4,5,0.08209609985351562,56
instance_n20,Standard PSO,9,73533.2431640625,73533.2431640625,5,0.0,73533.2431640625,0.0,True,True,True,4,5,0.08251714706420898,67
instance_n20,Standard PSO,10,72014.6875,72014.6875,5,0.0,72014.6875,0.0,True,True,True,4,5,0.08477354049682617,90
instance_n20,QPSO (baseline),1,72813.9443359375,72813.9443359375,5,0.0,72813.9443359375,0.0,True,True,True,4,5,0.12012863159179688,98
instance_n20,QPSO (baseline),2,73403.9423828125,73403.9423828125,5,0.0,73403.9423828125,0.0,True,True,True,4,5,0.12051868438720703,99
instance_n20,QPSO (baseline),3,72195.08203125,72195.08203125,5,0.0,72195.08203125,0.0,True,True,True,4,5,0.1166679859161377,97
instance_n20,QPSO (baseline),4,77216.140625,77216.140625,5,0.0,77216.140625,0.0,True,True,True,4,5,0.11603021621704102,44
instance_n20,QPSO (baseline),5,69367.8291015625,69367.8291015625,5,0.0,69367.8291015625,0.0,True,True,True,4,5,0.11538457870483398,90
instance_n20,QPSO (baseline),6,66391.6044921875,66391.6044921875,4,0.0,66391.6044921875,0.0,True,True,True,4,5,0.13475322723388672,97
instance_n20,QPSO (baseline),7,70191.5732421875,70191.5732421875,5,0.0,70191.5732421875,0.0,True,True,True,4,5,0.12578535079956055,90
instance_n20,QPSO (baseline),8,78221.693359375,78221.693359375,5,0.0,78221.693359375,0.0,True,True,True,4,5,0.11856937408447266,87
instance_n20,QPSO (baseline),9,66718.4189453125,66718.4189453125,5,0.0,66718.4189453125,0.0,True,True,True,4,5,0.11504793167114258,99
instance_n20,QPSO (baseline),10,69474.6240234375,69474.6240234375,5,0.0,69474.6240234375,0.0,True,True,True,4,5,0.11512327194213867,98
instance_n20,Genetic Algorithm,1,70349.203125,70349.203125,5,0.0,70349.203125,0.0,True,True,True,4,5,0.0812835693359375,99
instance_n20,Genetic Algorithm,2,71446.06787109375,71446.06787109375,5,0.0,71446.06787109375,0.0,True,True,True,4,5,0.0840461254119873,99
instance_n20,Genetic Algorithm,3,67357.3408203125,67357.3408203125,5,0.0,67357.3408203125,0.0,True,True,True,4,5,0.07990217208862305,99
instance_n20,Genetic Algorithm,4,69827.00244140625,69827.00244140625,5,0.0,69827.00244140625,0.0,True,True,True,4,5,0.08121180534362793,99
instance_n20,Genetic Algorithm,5,68558.1357421875,68558.1357421875,5,0.0,68558.1357421875,0.0,True,True,True,4,5,0.07919788360595703,99
instance_n20,Genetic Algorithm,6,67855.16796875,67855.16796875,5,0.0,67855.16796875,0.0,True,True,True,4,5,0.07900500297546387,99
instance_n20,Genetic Algorithm,7,70509.107421875,70509.107421875,5,0.0,70509.107421875,0.0,True,True,True,4,5,0.09503698348999023,99
instance_n20,Genetic Algorithm,8,67087.9130859375,67087.9130859375,5,0.0,67087.9130859375,0.0,True,True,True,4,5,0.08171534538269043,99
instance_n20,Genetic Algorithm,9,67171.8388671875,67171.8388671875,5,0.0,67171.8388671875,0.0,True,True,True,4,5,0.10792279243469238,99
instance_n20,Genetic Algorithm,10,74446.01171875,74446.01171875,5,0.0,74446.01171875,0.0,True,True,True,4,5,0.12329435348510742,99
instance_n20,Ant Colony (MMAS),1,58381.8544921875,58381.8544921875,4,0.0,58381.8544921875,0.0,True,True,True,4,5,0.7435667514801025,66
instance_n20,Ant Colony (MMAS),2,58381.8544921875,58381.8544921875,4,0.0,58381.8544921875,0.0,True,True,True,4,5,0.7458090782165527,88
instance_n20,Ant Colony (MMAS),3,58389.8271484375,58389.8271484375,4,0.0,58389.8271484375,0.0,True,True,True,4,5,0.688584566116333,40
instance_n20,Ant Colony (MMAS),4,58598.6767578125,58598.6767578125,4,0.0,58598.6767578125,0.0,True,True,True,4,5,0.6087956428527832,87
instance_n20,Ant Colony (MMAS),5,58389.8271484375,58389.8271484375,4,0.0,58389.8271484375,0.0,True,True,True,4,5,0.7537927627563477,50
instance_n20,Ant Colony (MMAS),6,58381.8544921875,58381.8544921875,4,0.0,58381.8544921875,0.0,True,True,True,4,5,0.9297065734863281,64
instance_n20,Ant Colony (MMAS),7,58381.8544921875,58381.8544921875,4,0.0,58381.8544921875,0.0,True,True,True,4,5,0.8426961898803711,49
instance_n20,Ant Colony (MMAS),8,58490.4619140625,58490.4619140625,4,0.0,58490.4619140625,0.0,True,True,True,4,5,0.821812629699707,96
instance_n20,Ant Colony (MMAS),9,61295.5947265625,61295.5947265625,4,0.0,61295.5947265625,0.0,True,True,True,4,5,0.7018702030181885,97
instance_n20,Ant Colony (MMAS),10,58401.4755859375,58401.4755859375,4,0.0,58401.4755859375,0.0,True,True,True,4,5,0.7814884185791016,99
instance_n20,QPSO-Optimized,1,64414.482421875,64414.482421875,5,0.0,64414.482421875,0.0,True,True,True,4,5,0.8178985118865967,0
instance_n20,QPSO-Optimized,2,64208.8779296875,64208.8779296875,5,0.0,64208.8779296875,0.0,True,True,True,4,5,0.7512376308441162,65
instance_n20,QPSO-Optimized,3,58381.8544921875,58381.8544921875,4,0.0,58381.8544921875,0.0,True,True,True,4,5,0.6160550117492676,5
instance_n20,QPSO-Optimized,4,64198.7099609375,64198.7099609375,5,0.0,64198.7099609375,0.0,True,True,True,4,5,0.7919521331787109,75
instance_n20,QPSO-Optimized,5,63472.2685546875,63472.2685546875,5,0.0,63472.2685546875,0.0,True,True,True,4,5,0.8804869651794434,5
instance_n20,QPSO-Optimized,6,64214.3525390625,64214.3525390625,5,0.0,64214.3525390625,0.0,True,True,True,4,5,1.0130784511566162,5
instance_n20,QPSO-Optimized,7,58381.8544921875,58381.8544921875,4,0.0,58381.8544921875,0.0,True,True,True,4,5,0.8043785095214844,90
instance_n20,QPSO-Optimized,8,61537.859375,61537.859375,4,0.0,61537.859375,0.0,True,True,True,4,5,0.709381103515625,30
instance_n20,QPSO-Optimized,9,64214.3525390625,64214.3525390625,5,0.0,64214.3525390625,0.0,True,True,True,4,5,0.7312123775482178,10
instance_n20,QPSO-Optimized,10,62370.048828125,62370.048828125,5,0.0,62370.048828125,0.0,True,True,True,4,5,0.7054102420806885,40
instance_n50,Nearest Neighbor,1,3184609.0224609375,184609.0224609375,11,3000000.0,3184609.0224609375,0.0,True,True,False,10,8,0.0004062652587890625,0
instance_n50,Nearest Neighbor,2,3184609.0224609375,184609.0224609375,11,3000000.0,3184609.0224609375,0.0,True,True,False,10,8,0.0004334449768066406,0
instance_n50,Nearest Neighbor,3,3184609.0224609375,184609.0224609375,11,3000000.0,3184609.0224609375,0.0,True,True,False,10,8,0.0004432201385498047,0
instance_n50,Nearest Neighbor,4,3184609.0224609375,184609.0224609375,11,3000000.0,3184609.0224609375,0.0,True,True,False,10,8,0.0003750324249267578,0
instance_n50,Nearest Neighbor,5,3184609.0224609375,184609.0224609375,11,3000000.0,3184609.0224609375,0.0,True,True,False,10,8,0.0005774497985839844,0
instance_n50,Nearest Neighbor,6,3184609.0224609375,184609.0224609375,11,3000000.0,3184609.0224609375,0.0,True,True,False,10,8,0.0004649162292480469,0
instance_n50,Nearest Neighbor,7,3184609.0224609375,184609.0224609375,11,3000000.0,3184609.0224609375,0.0,True,True,False,10,8,0.0004150867462158203,0
instance_n50,Nearest Neighbor,8,3184609.0224609375,184609.0224609375,11,3000000.0,3184609.0224609375,0.0,True,True,False,10,8,0.00047516822814941406,0
instance_n50,Nearest Neighbor,9,3184609.0224609375,184609.0224609375,11,3000000.0,3184609.0224609375,0.0,True,True,False,10,8,0.0003838539123535156,0
instance_n50,Nearest Neighbor,10,3184609.0224609375,184609.0224609375,11,3000000.0,3184609.0224609375,0.0,True,True,False,10,8,0.0006260871887207031,0
instance_n50,Clarke-Wright,1,3149027.943359375,149027.943359375,11,3000000.0,3149027.943359375,0.0,True,True,False,10,8,0.009755373001098633,0
instance_n50,Clarke-Wright,2,3149027.943359375,149027.943359375,11,3000000.0,3149027.943359375,0.0,True,True,False,10,8,0.01018834114074707,0
instance_n50,Clarke-Wright,3,3149027.943359375,149027.943359375,11,3000000.0,3149027.943359375,0.0,True,True,False,10,8,0.006185770034790039,0
instance_n50,Clarke-Wright,4,3149027.943359375,149027.943359375,11,3000000.0,3149027.943359375,0.0,True,True,False,10,8,0.006831169128417969,0
instance_n50,Clarke-Wright,5,3149027.943359375,149027.943359375,11,3000000.0,3149027.943359375,0.0,True,True,False,10,8,0.006138801574707031,0
instance_n50,Clarke-Wright,6,3149027.943359375,149027.943359375,11,3000000.0,3149027.943359375,0.0,True,True,False,10,8,0.005832195281982422,0
instance_n50,Clarke-Wright,7,3149027.943359375,149027.943359375,11,3000000.0,3149027.943359375,0.0,True,True,False,10,8,0.006484031677246094,0
instance_n50,Clarke-Wright,8,3149027.943359375,149027.943359375,11,3000000.0,3149027.943359375,0.0,True,True,False,10,8,0.005784749984741211,0
instance_n50,Clarke-Wright,9,3149027.943359375,149027.943359375,11,3000000.0,3149027.943359375,0.0,True,True,False,10,8,0.007395505905151367,0
instance_n50,Clarke-Wright,10,3149027.943359375,149027.943359375,11,3000000.0,3149027.943359375,0.0,True,True,False,10,8,0.007765769958496094,0
instance_n50,Standard PSO,1,3220728.091796875,220728.091796875,11,3000000.0,3220728.091796875,0.0,True,True,False,10,8,0.13470768928527832,94
instance_n50,Standard PSO,2,3216641.30859375,216641.30859375,11,3000000.0,3216641.30859375,0.0,True,True,False,10,8,0.1502058506011963,73
instance_n50,Standard PSO,3,3216005.44921875,216005.44921875,11,3000000.0,3216005.44921875,0.0,True,True,False,10,8,0.13288307189941406,84
instance_n50,Standard PSO,4,3225900.705078125,225900.705078125,11,3000000.0,3225900.705078125,0.0,True,True,False,10,8,0.1327047348022461,81
instance_n50,Standard PSO,5,3218797.4423828125,218797.4423828125,11,3000000.0,3218797.4423828125,0.0,True,True,False,10,8,0.1452958583831787,90
instance_n50,Standard PSO,6,3205663.12109375,205663.12109375,11,3000000.0,3205663.12109375,0.0,True,True,False,10,8,0.15480327606201172,92
instance_n50,Standard PSO,7,3208341.998046875,208341.998046875,11,3000000.0,3208341.998046875,0.0,True,True,False,10,8,0.16417884826660156,91
instance_n50,Standard PSO,8,3207013.271484375,207013.271484375,11,3000000.0,3207013.271484375,0.0,True,True,False,10,8,0.14406538009643555,94
instance_n50,Standard PSO,9,3220190.220703125,220190.220703125,11,3000000.0,3220190.220703125,0.0,True,True,False,10,8,0.19767355918884277,79
instance_n50,Standard PSO,10,3200728.96484375,200728.96484375,11,3000000.0,3200728.96484375,0.0,True,True,False,10,8,0.14246034622192383,91
instance_n50,QPSO (baseline),1,3226495.1650390625,226495.1650390625,11,3000000.0,3226495.1650390625,0.0,True,True,False,10,8,0.20212578773498535,57
instance_n50,QPSO (baseline),2,3229407.3798828125,229407.3798828125,11,3000000.0,3229407.3798828125,0.0,True,True,False,10,8,0.21247577667236328,98
instance_n50,QPSO (baseline),3,3223626.7705078125,223626.7705078125,11,3000000.0,3223626.7705078125,0.0,True,True,False,10,8,0.2214055061340332,41
instance_n50,QPSO (baseline),4,3218245.564453125,218245.564453125,11,3000000.0,3218245.564453125,0.0,True,True,False,10,8,0.20896220207214355,62
instance_n50,QPSO (baseline),5,3225854.5234375,225854.5234375,11,3000000.0,3225854.5234375,0.0,True,True,False,10,8,0.18567633628845215,37
instance_n50,QPSO (baseline),6,3228457.2045898438,228457.20458984375,11,3000000.0,3228457.2045898438,0.0,True,True,False,10,8,0.22966217994689941,32
instance_n50,QPSO (baseline),7,3220408.9365234375,220408.9365234375,11,3000000.0,3220408.9365234375,0.0,True,True,False,10,8,0.17865419387817383,50
instance_n50,QPSO (baseline),8,3226960.646484375,226960.646484375,11,3000000.0,3226960.646484375,0.0,True,True,False,10,8,0.17110443115234375,65
instance_n50,QPSO (baseline),9,3229793.91015625,229793.91015625,11,3000000.0,3229793.91015625,0.0,True,True,False,10,8,0.17968511581420898,33
instance_n50,QPSO (baseline),10,3222083.615234375,222083.615234375,11,3000000.0,3222083.615234375,0.0,True,True,False,10,8,0.16980910301208496,50
instance_n50,Genetic Algorithm,1,192841.1455078125,192841.1455078125,11,3000000.0,3192841.1455078125,-3000000.0,True,True,False,10,8,0.17775654792785645,99
instance_n50,Genetic Algorithm,2,191271.92138671875,191271.92138671875,11,3000000.0,3191271.9213867188,-3000000.0,True,True,False,10,8,0.16474413871765137,99
instance_n50,Genetic Algorithm,3,184824.6328125,184824.6328125,11,3000000.0,3184824.6328125,-3000000.0,True,True,False,10,8,0.18625569343566895,99
instance_n50,Genetic Algorithm,4,196662.9912109375,196662.9912109375,11,3000000.0,3196662.9912109375,-3000000.0,True,True,False,10,8,0.15597939491271973,99
instance_n50,Genetic Algorithm,5,202891.6640625,202891.6640625,11,3000000.0,3202891.6640625,-3000000.0,True,True,False,10,8,0.15633320808410645,99
instance_n50,Genetic Algorithm,6,186984.1220703125,186984.1220703125,11,3000000.0,3186984.1220703125,-3000000.0,True,True,False,10,8,0.15350890159606934,99
instance_n50,Genetic Algorithm,7,192250.6953125,192250.6953125,11,3000000.0,3192250.6953125,-3000000.0,True,True,False,10,8,0.18344664573669434,99
instance_n50,Genetic Algorithm,8,192311.35888671875,192311.35888671875,11,3000000.0,3192311.3588867188,-3000000.0,True,True,False,10,8,0.1742546558380127,99
instance_n50,Genetic Algorithm,9,182861.037109375,182861.037109375,11,3000000.0,3182861.037109375,-3000000.0,True,True,False,10,8,0.17864060401916504,99
instance_n50,Genetic Algorithm,10,201757.986328125,201757.986328125,11,3000000.0,3201757.986328125,-3000000.0,True,True,False,10,8,0.158311128616333,99
instance_n50,Ant Colony (MMAS),1,2172525.23828125,172525.23828125,10,2000000.0,2172525.23828125,0.0,True,True,False,10,8,2.0375430583953857,88
instance_n50,Ant Colony (MMAS),2,2157129.3525390625,157129.3525390625,10,2000000.0,2157129.3525390625,0.0,True,True,False,10,8,1.983590841293335,96
instance_n50,Ant Colony (MMAS),3,2168778.556640625,168778.556640625,10,2000000.0,2168778.556640625,0.0,True,True,False,10,8,2.0407371520996094,43
instance_n50,Ant Colony (MMAS),4,2170666.5576171875,170666.5576171875,10,2000000.0,2170666.5576171875,0.0,True,True,False,10,8,2.0288236141204834,95
instance_n50,Ant Colony (MMAS),5,2162365.537109375,162365.537109375,10,2000000.0,2162365.537109375,0.0,True,True,False,10,8,2.0512566566467285,73
instance_n50,Ant Colony (MMAS),6,2162006.2880859375,162006.2880859375,10,2000000.0,2162006.2880859375,0.0,True,True,False,10,8,2.0401999950408936,80
instance_n50,Ant Colony (MMAS),7,2188065.6865234375,188065.6865234375,10,2000000.0,2188065.6865234375,0.0,True,True,False,10,8,1.8946630954742432,85
instance_n50,Ant Colony (MMAS),8,2168332.5791015625,168332.5791015625,10,2000000.0,2168332.5791015625,0.0,True,True,False,10,8,1.9754087924957275,94
instance_n50,Ant Colony (MMAS),9,2164726.6826171875,164726.6826171875,10,2000000.0,2164726.6826171875,0.0,True,True,False,10,8,2.0218474864959717,87
instance_n50,Ant Colony (MMAS),10,2178888.5,178888.5,10,2000000.0,2178888.5,0.0,True,True,False,10,8,2.171414375305176,91
instance_n50,QPSO-Optimized,1,2202862.15234375,202862.15234375,10,2000000.0,2202862.15234375,0.0,True,True,False,10,8,2.572122573852539,0
instance_n50,QPSO-Optimized,2,2202862.15234375,202862.15234375,10,2000000.0,2202862.15234375,0.0,True,True,False,10,8,2.3693249225616455,0
instance_n50,QPSO-Optimized,3,2202862.15234375,202862.15234375,10,2000000.0,2202862.15234375,0.0,True,True,False,10,8,2.5641331672668457,0
instance_n50,QPSO-Optimized,4,2202862.15234375,202862.15234375,10,2000000.0,2202862.15234375,0.0,True,True,False,10,8,2.2561635971069336,0
instance_n50,QPSO-Optimized,5,2202862.15234375,202862.15234375,10,2000000.0,2202862.15234375,0.0,True,True,False,10,8,2.380117893218994,0
instance_n50,QPSO-Optimized,6,2202862.15234375,202862.15234375,10,2000000.0,2202862.15234375,0.0,True,True,False,10,8,2.2774901390075684,0
instance_n50,QPSO-Optimized,7,2202862.15234375,202862.15234375,10,2000000.0,2202862.15234375,0.0,True,True,False,10,8,2.4020497798919678,0
instance_n50,QPSO-Optimized,8,2202862.15234375,202862.15234375,10,2000000.0,2202862.15234375,0.0,True,True,False,10,8,2.4452545642852783,0
instance_n50,QPSO-Optimized,9,2202862.15234375,202862.15234375,10,2000000.0,2202862.15234375,0.0,True,True,False,10,8,2.5377414226531982,0
instance_n50,QPSO-Optimized,10,2202862.15234375,202862.15234375,10,2000000.0,2202862.15234375,0.0,True,True,False,10,8,2.459151268005371,0
instance_n100,Nearest Neighbor,1,2266701.8979492188,266701.89794921875,17,2000000.0,2266701.8979492188,0.0,True,True,False,17,15,0.0011813640594482422,0
instance_n100,Nearest Neighbor,2,2266701.8979492188,266701.89794921875,17,2000000.0,2266701.8979492188,0.0,True,True,False,17,15,0.001436471939086914,0
instance_n100,Nearest Neighbor,3,2266701.8979492188,266701.89794921875,17,2000000.0,2266701.8979492188,0.0,True,True,False,17,15,0.001255035400390625,0
instance_n100,Nearest Neighbor,4,2266701.8979492188,266701.89794921875,17,2000000.0,2266701.8979492188,0.0,True,True,False,17,15,0.0011849403381347656,0
instance_n100,Nearest Neighbor,5,2266701.8979492188,266701.89794921875,17,2000000.0,2266701.8979492188,0.0,True,True,False,17,15,0.0012090206146240234,0
instance_n100,Nearest Neighbor,6,2266701.8979492188,266701.89794921875,17,2000000.0,2266701.8979492188,0.0,True,True,False,17,15,0.001220703125,0
instance_n100,Nearest Neighbor,7,2266701.8979492188,266701.89794921875,17,2000000.0,2266701.8979492188,0.0,True,True,False,17,15,0.001544952392578125,0
instance_n100,Nearest Neighbor,8,2266701.8979492188,266701.89794921875,17,2000000.0,2266701.8979492188,0.0,True,True,False,17,15,0.0017349720001220703,0
instance_n100,Nearest Neighbor,9,2266701.8979492188,266701.89794921875,17,2000000.0,2266701.8979492188,0.0,True,True,False,17,15,0.0013041496276855469,0
instance_n100,Nearest Neighbor,10,2266701.8979492188,266701.89794921875,17,2000000.0,2266701.8979492188,0.0,True,True,False,17,15,0.0018115043640136719,0
instance_n100,Clarke-Wright,1,3228951.4125976562,228951.41259765625,18,3000000.0,3228951.4125976562,0.0,True,True,False,17,15,0.059156179428100586,0
instance_n100,Clarke-Wright,2,3228951.4125976562,228951.41259765625,18,3000000.0,3228951.4125976562,0.0,True,True,False,17,15,0.03533148765563965,0
instance_n100,Clarke-Wright,3,3228951.4125976562,228951.41259765625,18,3000000.0,3228951.4125976562,0.0,True,True,False,17,15,0.03378105163574219,0
instance_n100,Clarke-Wright,4,3228951.4125976562,228951.41259765625,18,3000000.0,3228951.4125976562,0.0,True,True,False,17,15,0.036862850189208984,0
instance_n100,Clarke-Wright,5,3228951.4125976562,228951.41259765625,18,3000000.0,3228951.4125976562,0.0,True,True,False,17,15,0.03719973564147949,0
instance_n100,Clarke-Wright,6,3228951.4125976562,228951.41259765625,18,3000000.0,3228951.4125976562,0.0,True,True,False,17,15,0.03570151329040527,0
instance_n100,Clarke-Wright,7,3228951.4125976562,228951.41259765625,18,3000000.0,3228951.4125976562,0.0,True,True,False,17,15,0.04801630973815918,0
instance_n100,Clarke-Wright,8,3228951.4125976562,228951.41259765625,18,3000000.0,3228951.4125976562,0.0,True,True,False,17,15,0.038019418716430664,0
instance_n100,Clarke-Wright,9,3228951.4125976562,228951.41259765625,18,3000000.0,3228951.4125976562,0.0,True,True,False,17,15,0.035303354263305664,0
instance_n100,Clarke-Wright,10,3228951.4125976562,228951.41259765625,18,3000000.0,3228951.4125976562,0.0,True,True,False,17,15,0.045592546463012695,0
instance_n100,Standard PSO,1,3427345.7236328125,427345.7236328125,18,3000000.0,3427345.7236328125,0.0,True,True,False,17,15,0.23235726356506348,82
instance_n100,Standard PSO,2,3424998.478515625,424998.478515625,18,3000000.0,3424998.478515625,0.0,True,True,False,17,15,0.2418673038482666,80
instance_n100,Standard PSO,3,3442509.9892578125,442509.9892578125,18,3000000.0,3442509.9892578125,0.0,True,True,False,17,15,0.21032094955444336,95
instance_n100,Standard PSO,4,3431156.7138671875,431156.7138671875,18,3000000.0,3431156.7138671875,0.0,True,True,False,17,15,0.22449517250061035,44
instance_n100,Standard PSO,5,3438442.0048828125,438442.0048828125,18,3000000.0,3438442.0048828125,0.0,True,True,False,17,15,0.23706841468811035,95
instance_n100,Standard PSO,6,3438847.58203125,438847.58203125,18,3000000.0,3438847.58203125,0.0,True,True,False,17,15,0.22495365142822266,98
instance_n100,Standard PSO,7,3416538.888671875,416538.888671875,18,3000000.0,3416538.888671875,0.0,True,True,False,17,15,0.21333837509155273,96
instance_n100,Standard PSO,8,3419907.740234375,419907.740234375,18,3000000.0,3419907.740234375,0.0,True,True,False,17,15,0.20362234115600586,95
instance_n100,Standard PSO,9,3411305.271484375,411305.271484375,18,3000000.0,3411305.271484375,0.0,True,True,False,17,15,0.22869157791137695,92
instance_n100,Standard PSO,10,3442110.7822265625,442110.7822265625,18,3000000.0,3442110.7822265625,0.0,True,True,False,17,15,0.24599456787109375,96
instance_n100,QPSO (baseline),1,3441698.021484375,441698.021484375,18,3000000.0,3441698.021484375,0.0,True,True,False,17,15,0.2883265018463135,81
instance_n100,QPSO (baseline),2,3429837.44921875,429837.44921875,18,3000000.0,3429837.44921875,0.0,True,True,False,17,15,0.2504537105560303,95
instance_n100,QPSO (baseline),3,3444921.3359375,444921.3359375,18,3000000.0,3444921.3359375,0.0,True,True,False,17,15,0.2650768756866455,69
instance_n100,QPSO (baseline),4,3441559.689453125,441559.689453125,18,3000000.0,3441559.689453125,0.0,True,True,False,17,15,0.25801658630371094,0
instance_n100,QPSO (baseline),5,3453615.6015625,453615.6015625,18,3000000.0,3453615.6015625,0.0,True,True,False,17,15,0.2730393409729004,65
instance_n100,QPSO (baseline),6,3451332.2109375,451332.2109375,18,3000000.0,3451332.2109375,0.0,True,True,False,17,15,0.2873420715332031,10
instance_n100,QPSO (baseline),7,3450067.4462890625,450067.4462890625,18,3000000.0,3450067.4462890625,0.0,True,True,False,17,15,0.27145838737487793,35
instance_n100,QPSO (baseline),8,3436311.4638671875,436311.4638671875,18,3000000.0,3436311.4638671875,0.0,True,True,False,17,15,0.25224733352661133,73
instance_n100,QPSO (baseline),9,3441847.9716796875,441847.9716796875,18,3000000.0,3441847.9716796875,0.0,True,True,False,17,15,0.24949336051940918,79
instance_n100,QPSO (baseline),10,3447875.6884765625,447875.6884765625,18,3000000.0,3447875.6884765625,0.0,True,True,False,17,15,0.241896390914917,6
instance_n100,Genetic Algorithm,1,349844.41796875,349844.41796875,18,3000000.0,3349844.41796875,-3000000.0,True,True,False,17,15,0.2640242576599121,99
instance_n100,Genetic Algorithm,2,350732.6171875,350732.6171875,18,3000000.0,3350732.6171875,-3000000.0,True,True,False,17,15,0.2795579433441162,99
instance_n100,Genetic Algorithm,3,338481.8193359375,338481.8193359375,18,3000000.0,3338481.8193359375,-3000000.0,True,True,False,17,15,0.275860071182251,99
instance_n100,Genetic Algorithm,4,353504.537109375,353504.537109375,18,3000000.0,3353504.537109375,-3000000.0,True,True,False,17,15,0.28472375869750977,99
instance_n100,Genetic Algorithm,5,335698.6328125,335698.6328125,17,2000000.0,2335698.6328125,-2000000.0,True,True,False,17,15,0.321850061416626,99
instance_n100,Genetic Algorithm,6,337762.296875,337762.296875,18,3000000.0,3337762.296875,-3000000.0,True,True,False,17,15,0.27223920822143555,99
instance_n100,Genetic Algorithm,7,352993.11328125,352993.11328125,18,3000000.0,3352993.11328125,-3000000.0,True,True,False,17,15,0.27370786666870117,99
instance_n100,Genetic Algorithm,8,337802.2919921875,337802.2919921875,17,2000000.0,2337802.2919921875,-2000000.0,True,True,False,17,15,0.27778077125549316,99
instance_n100,Genetic Algorithm,9,346099.2734375,346099.2734375,18,3000000.0,3346099.2734375,-3000000.0,True,True,False,17,15,0.2638828754425049,99
instance_n100,Genetic Algorithm,10,335463.43896484375,335463.43896484375,18,3000000.0,3335463.4389648438,-3000000.0,True,True,False,17,15,0.26345109939575195,99
instance_n100,Ant Colony (MMAS),1,2257529.7822265625,257529.7822265625,17,2000000.0,2257529.7822265625,0.0,True,True,False,17,15,4.866622686386108,33
instance_n100,Ant Colony (MMAS),2,2254281.0205078125,254281.0205078125,17,2000000.0,2254281.0205078125,0.0,True,True,False,17,15,4.919209718704224,74
instance_n100,Ant Colony (MMAS),3,2267398.7900390625,267398.7900390625,17,2000000.0,2267398.7900390625,0.0,True,True,False,17,15,5.772323131561279,35
instance_n100,Ant Colony (MMAS),4,2261673.69140625,261673.69140625,17,2000000.0,2261673.69140625,0.0,True,True,False,17,15,6.317955732345581,24
instance_n100,Ant Colony (MMAS),5,2260183.1264648438,260183.12646484375,17,2000000.0,2260183.1264648438,0.0,True,True,False,17,15,5.702570915222168,70
instance_n100,Ant Colony (MMAS),6,2259165.841796875,259165.841796875,17,2000000.0,2259165.841796875,0.0,True,True,False,17,15,4.88656210899353,48
instance_n100,Ant Colony (MMAS),7,2261848.82421875,261848.82421875,17,2000000.0,2261848.82421875,0.0,True,True,False,17,15,4.763407468795776,39
instance_n100,Ant Colony (MMAS),8,2263645.115234375,263645.115234375,17,2000000.0,2263645.115234375,0.0,True,True,False,17,15,4.891366720199585,32
instance_n100,Ant Colony (MMAS),9,2261787.966796875,261787.966796875,17,2000000.0,2261787.966796875,0.0,True,True,False,17,15,4.873926877975464,95
instance_n100,Ant Colony (MMAS),10,2248214.48046875,248214.48046875,17,2000000.0,2248214.48046875,0.0,True,True,False,17,15,4.944305896759033,93
instance_n100,QPSO-Optimized,1,2270827.7758789062,270827.77587890625,17,2000000.0,2270827.7758789062,0.0,True,True,False,17,15,11.157137632369995,10
instance_n100,QPSO-Optimized,2,2256445.1674804688,256445.16748046875,17,2000000.0,2256445.1674804688,0.0,True,True,False,17,15,10.618324995040894,10
instance_n100,QPSO-Optimized,3,2251177.66796875,251177.66796875,17,2000000.0,2251177.66796875,0.0,True,True,False,17,15,10.756886959075928,15
instance_n100,QPSO-Optimized,4,2255377.8466796875,255377.8466796875,17,2000000.0,2255377.8466796875,0.0,True,True,False,17,15,10.713484048843384,25
instance_n100,QPSO-Optimized,5,2257615.724609375,257615.724609375,17,2000000.0,2257615.724609375,0.0,True,True,False,17,15,10.452752113342285,25
instance_n100,QPSO-Optimized,6,2313632.76171875,313632.76171875,17,2000000.0,2313632.76171875,0.0,True,True,False,17,15,8.632217168807983,15
instance_n100,QPSO-Optimized,7,2255621.2836914062,255621.28369140625,17,2000000.0,2255621.2836914062,0.0,True,True,False,17,15,10.249959468841553,10
instance_n100,QPSO-Optimized,8,2268888.5395507812,268888.53955078125,17,2000000.0,2268888.5395507812,0.0,True,True,False,17,15,9.573912382125854,10
instance_n100,QPSO-Optimized,9,2268912.2387695312,268912.23876953125,17,2000000.0,2268912.2387695312,0.0,True,True,False,17,15,10.352002620697021,15
instance_n100,QPSO-Optimized,10,2313632.76171875,313632.76171875,17,2000000.0,2313632.76171875,0.0,True,True,False,17,15,9.260255813598633,15
